,,HEPG2 mock,H2O2 ,2605L 6h,2277L 6h,2277H 6h,STD,HEPG2 mock,H2O2 ,2605L 6h,2277L 6h,2277H 6h,p-value,H2O2 ,2605L 6h,2277L 6h,2277H 6h
DNA repair,APEX1,1.0,0.9880003922241561,0.939762949525654,0.8522479346946782,0.8239894099477852,,0.0,0.20919251196493555,0.0767687388256287,0.0014300962539313261,0.023644050724476357,,0.925637995628301,0.2457056668350794,5.849855892154477e-09,0.00020865229874913774
DNA repair,ERCC1,1.0,1.660236851631587,0.9486993845994726,1.1088069504059574,1.1836893003051145,,0.0,0.5089114415398557,0.0671444809335365,0.07093496513499398,0.11859972150452422,,0.08792932116333307,0.2562931065638006,0.05657955155950583,0.055077859260425376
DNA repair,ERCC6,1.0,1.2910112359550563,1.1856741573033707,0.8616573033707865,0.8426966292134831,,0.0,0.7765036766516652,0.3024247890988471,0.032840850986207704,0.0,,0.5516470448086611,0.34753877221960455,0.0018759539867111228,0.0
DNA repair,MLH1,1.0,0.9394817673466173,0.9613609514058439,0.8748523273214145,0.856422777033945,,0.0,0.20603454691032486,0.10960564283693368,0.0349536993201034,0.04326843526097439,,0.6377031447786257,0.5744576775503134,0.0034389001970024347,0.0045427504350789285
DNA repair,MPG,1.0,1.0693023628996672,1.0262566694748667,0.8994263248686165,1.2092510129578369,,0.0,0.2930384561791161,0.0995691565093603,0.02835830092934643,0.08803680773795093,,0.7030694923759442,0.6715561376662407,0.0035613068130424673,0.014650150036743179
DNA repair,MSH2,1.0,0.8239430457284295,0.8932732454934119,0.8449008675650672,0.7638072855464159,,0.0,0.030606122961881012,0.02313295372995227,0.015883260290697747,0.007259490989213657,,0.0005700483043783726,0.0013295567800216907,7.164334762063884e-05,5.936852856388113e-07
DNA repair,MSH6,1.0,0.8230842821743359,0.8498165051284466,0.8414886609579374,0.7042987986575078,,0.0,0.0496495339429767,0.03787349195052818,0.07872843025519713,0.02403512388386783,,0.0035000549398712215,0.002353688335674066,0.025184460421840103,2.8676916846270906e-05
DNA repair,OGG1,1.0,0.9438482655353133,0.9132259286988512,0.9731303552117131,1.0932165007533114,,0.0,0.09161607503971538,0.07455797797654276,0.035531246331438684,0.06828836647942982,,0.34827064992813117,0.11403681634161442,0.2604165078299519,0.07729770488794681
DNA repair,UNG,1.0,0.8198370558266516,0.9377673638728262,0.8638298329714741,1.0629850168748256,,0.0,0.08546952569838594,0.04644491350824613,0.022731556773883433,0.060156528816719554,,0.021751782442547128,0.081064114181748,0.00048715864896553947,0.14396206790247876
DNA repair,XPA,1.0,0.7993608367228354,0.8691458454386982,0.7122167344567112,0.6930708890180126,,0.0,0.00881922298517505,0.015528001355454112,0.0619125722406057,0.023681872486155255,,2.4780201561053566e-06,0.0001281596878465553,0.0012923008830161848,2.3318295961229468e-05
DNA repair,XRCC1,1.0,0.7795204402515723,0.8522012578616351,0.8974056603773586,0.8379716981132076,,0.0,0.47356221188798675,0.11613802024211402,0.0889507460680297,0.1544961194659797,,0.46522288899595055,0.09221685914079619,0.11641935589977799,0.14346032595954225
DNA repair,XRCC5,1.0,0.8531618791660568,0.9656186537747452,0.9317180936438262,0.788189837331014,,0.0,0.023052783885958692,0.05431790098200021,0.03682502415593427,0.040926227193631495,,0.0003837307725347835,0.33450878167252146,0.032538937208415636,0.0008568985752554712
Circadian rhythm,BMAL1 (ARNTL),1.0,0.704390702042733,1.0582296313688657,1.1035454332002816,0.7488847147217657,,0.0,0.0,0.24971180247859656,0.21686379286834062,0.07706589059269835,,0.0,0.7069531527014307,0.454718040067109,0.0048531783214315685
Circadian rhythm,CLOCK,1.0,0.5778022583310383,0.8571743321399063,0.9035527402919303,0.5419994491875516,,0.0,0.4283617805554535,0.026615186829287416,0.14162949774849054,0.2114294067336605,,0.16298828729165382,0.0007454355861031505,0.3035614693259215,0.019912735263602453
Circadian rhythm,CRY,1.0,0.5076902995627298,0.8308569190941327,0.8481084256096766,0.6605173276480955,,0.0,0.3285521419017527,0.03601829667726534,0.08379103802875804,0.091016443552328,,0.06034327605390766,0.0012429140199019136,0.0348557230465977,0.0029562843444298063
Circadian rhythm,KPNB1,1.0,0.9040784324805401,0.9777113029228529,0.9882499611510589,0.8331049486487632,,0.0,0.0579646601265001,0.04965034526513683,0.0831617810687719,0.050755553440035676,,0.04564094643268118,0.4802625405706693,0.8187118098959213,0.004695636022659978
Circadian rhythm,PER2,1.0,0.7309941520467836,1.0203460038986354,1.1174463937621832,0.9381091617933723,,0.0,0.0,0.10531475478992613,0.20868005329921213,0.18015310958451405,,0.0,0.7547229854460298,0.3848529146655811,0.583846045575934
Circadian rhythm,SIRT1,1.0,0.7450786182988735,0.9483409681812555,0.9561408938962487,0.8980747802401883,,0.0,0.48456877249007074,0.15632998508506232,0.060645089954718824,0.03210428204516996,,0.4137380079966836,0.5977149810074873,0.2785741242331738,0.005331820569953154
Skin moisturizing,AQP3,1.0,0.8280430582390285,0.9098813138283192,0.8280430582390285,0.9185757659398289,,0.0,0.0,0.14174801668345907,0.0,0.1568072494845685,,0.0,0.33262667747470465,0.0,0.4192940077465015
Skin moisturizing,FLG-F,1.0,1.0,1.0,1.0,1.0,,0.0,0.0,0.0,0.0,0.0,,,,,
Skin moisturizing,GBA,1.0,1.1690790733295042,0.8741144935860617,0.9435764886080796,0.773406088454911,,0.0,0.2587441630275702,0.01637154816372002,0.034858979258467974,0.03358699132826111,,0.32096104387655017,0.00018374504824636298,0.048636007060394816,0.00030668199016995807
Skin moisturizing,HAS2,1.0,1.0,1.0,1.0,1.0,,0.0,0.0,0.0,0.0,0.0,,,,,
Skin moisturizing,HAS3,1.0,1.0,1.0,1.0,1.0,,0.0,0.0,0.0,0.0,0.0,,,,,
Skin moisturizing,Keratin 10,1.0,1.0,1.0,1.0,1.0,,0.0,0.0,0.0,0.0,0.0,,,,,
Skin moisturizing,Keratin 14,1.0,1.0,1.0,1.0,1.0,,0.0,0.0,0.0,0.0,0.0,,,,,
Skin moisturizing,Krt1,1.0,1.0,1.0,1.0,1.0,,0.0,0.0,0.0,0.0,0.0,,,,,
Skin moisturizing,SMPD1,1.0,0.942951438000943,0.942951438000943,0.9641678453559642,0.942951438000943,,0.0,0.0,0.0,0.03674789549297488,0.0,,0.0,0.0,0.1665097045003076,0.0
Skin moisturizing,Tgm1,1.0,1.0,1.0,1.0,1.0,,0.0,0.0,0.0,0.0,0.0,,,,,
Anti-oxidation,CAT,1.0,0.8412644422256114,0.8887194285651588,0.847568000526668,0.7562185233544366,,0.0,0.06628390175885977,0.04057538670613318,0.01765401884707228,0.031574122207874276,,0.014284764849918318,0.008969192057560582,0.000116450944433906,0.00018080590013662997
Anti-oxidation,GPX1,1.0,1.232622074835426,1.0939546873506307,1.0498946792414268,1.3158007509254712,,0.0,0.04953331501166302,0.09927456357379946,0.12667629517748624,0.05648642713968439,,0.0012426691201237892,0.1765074602971411,0.5325627807722941,0.0006364579157488532
Anti-oxidation,SOD1,1.0,1.045034740137966,0.9063352832569734,0.9128978849234226,1.078819602016648,,0.0,0.034129653959672865,0.025409173023728263,0.04574129533690715,0.053853268870830424,,0.08427628165692405,0.003088040061763522,0.02998313667432829,0.06431981508891618
Anti-oxidation,SOD2,1.0,1.0522492713799678,0.9223455671041773,0.8756325885217447,1.0162633681959894,,0.0,0.08435176085502555,0.08275020991259045,0.07604824680339087,0.09583495583700402,,0.3437444152037376,0.17940521447690405,0.04722263997024626,0.7834308001521194
Whitening,MC1R,1.0,1.0,1.0,1.0,1.0,,0.0,0.0,0.0,0.0,0.0,,,,,
Whitening,MITF,1.0,1.0,1.0,1.0,1.0,,0.0,0.0,0.0,0.0,0.0,,,,,
Whitening,TYR,1.0,1.0,1.0,1.0,1.0,,0.0,0.0,0.0,0.0,0.0,,,,,
Whitening,TYRP1,1.0,1.0,1.0,1.0,1.0,,0.0,0.0,0.0,0.0,0.0,,,,,
allergy,ABR,1.0,0.9705594319990206,1.104296731546089,0.9006916391235157,1.004774146162321,,0.0,0.31869099039425575,0.08047566368701482,0.06893332464341333,0.05006350211850499,,0.8806310936223913,0.08815708239540947,0.06710514728320097,0.8768204551228499
allergy,CD40,1.0,0.9190523857190526,1.1490824157490824,1.05985985985986,1.1106439773106442,,0.0,0.4505300934301067,0.06540584763779812,0.22860338307645683,0.17487167569148723,,0.7711917702696413,0.01684710731596424,0.6736772962792575,0.33467722895628726
allergy,DYNLL2,1.0,1.0173186866215829,0.9195391513575465,0.921657071238514,0.7188528380796634,,0.0,0.0688650249681582,0.04102701042677994,0.007802306725259915,0.01303810509535301,,0.6856099004592613,0.027356818464996106,6.41637003548353e-05,3.068733194107461e-06
allergy,ERBB2,1.0,1.0,1.0,1.0,1.0,,0.0,0.0,0.0,0.0,0.0,,,,,
allergy,GRK5,1.0,0.9776122854896157,0.9970396410564781,0.8616957306073362,0.7339608677552154,,0.0,0.23548088365793698,0.0674180095521565,0.07581077978932838,0.051172999038796546,,0.877190192683278,0.9430272143031846,0.034189269938019136,0.0008421707866446984
allergy,IL13,1.0,1.0,1.0,1.0,1.0,,0.0,0.0,0.0,0.0,0.0,,,,,
allergy,IL4R,1.0,0.9530941408821593,1.0206138907175772,0.9309578670177748,1.148041474654378,,0.0,0.6303476192325008,0.0774686874688083,0.01123271889400927,0.12667290617460497,,0.9036681697236424,0.6688246661972195,0.00044082716898486926,0.11295194704440882
allergy,IL5RA,1.0,1.0,1.0,1.0,1.0,,0.0,0.0,0.0,0.0,0.0,,,,,
allergy,LIF,1.0,0.7446016381236039,2.0186150409530903,1.7800943162074958,1.6284437825763216,,0.0,0.0,0.2121980766764782,0.4093996156812782,0.18349445553943589,,0.0,0.0011430640982935416,0.029923537192065423,0.004047908163322918
allergy,MALT1,1.0,1.083128236875085,1.0254948738468044,0.9437784052303373,0.8860016005073307,,0.0,0.05145509410431231,0.039717317548909475,0.19231415408382807,0.026321102476093428,,0.04890053971165187,0.32853441101217307,0.6392436090064509,0.0016894887790282387
allergy,NCK1,1.0,0.7052621270483774,0.9265848403734411,0.879806750669191,0.6971012600378663,,0.0,0.46883021223001836,0.09969109913767527,0.062087181122459104,0.029616190036599956,,0.3374155056457101,0.2711636359025972,0.028488278060365625,5.965750031248061e-05
allergy,PAF1,1.0,1.0443053524422343,0.9303188066686165,0.937747879496929,1.1585141854343375,,0.0,0.08149839813963525,0.008674907209846976,0.07942529056694124,0.058611517494294114,,0.3997097248562889,0.00015477258175516058,0.246145480899684,0.009417467006482967
allergy,PSMD4,1.0,0.9581966968757453,0.9841178750298116,0.8994455044121153,1.0309295253994755,,0.0,0.05932951702679108,0.01846937671465448,0.052246845545429924,0.07398957522015903,,0.28933927782794916,0.21061686300090315,0.029010528764752668,0.5091202144324752
allergy,RDH10,1.0,0.703873035892585,0.9652635451153503,1.1318513847285723,0.9071417310420937,,0.0,0.6730140139347458,0.08435103703121408,0.08568632449443088,0.02828430674895969,,0.4884584304028014,0.5150818746530509,0.05608417586505498,0.004722605081331699
allergy,RELA,1.0,0.6206698197622394,0.8568963313306917,0.878307554646555,0.5740764412629425,,0.0,0.4108168571448359,0.09737167790858688,0.1780473940579593,0.1562932628163442,,0.185001768120953,0.0636061418066967,0.30202484301306043,0.009170844306231779
allergy,RELB,1.0,1.1328013990600068,0.9840419718001968,0.8999890698436989,1.0813203628811892,,0.0,0.8261744151525393,0.1654369335647946,0.21552727307135994,0.3143390764698805,,0.7944941133512037,0.8754183181407511,0.46660406125874887,0.6772896651447825
allergy,SCARF1,1.0,1.0,1.0,1.0,1.0,,0.0,0.0,0.0,0.0,0.0,,,,,
allergy,TNFSF14,1.0,1.0,1.0,1.0,1.0,,0.0,0.0,0.0,0.0,0.0,,,,,
Eye protection,CASP3,1.0,0.7156727692854604,0.8950464361891219,0.8365846071809456,0.8418947742623534,,0.0,0.042701817495323736,0.026910563304747122,0.05751499663332671,0.02574498801427644,,0.000322819354703765,0.0025042858471119723,0.007922488811296691,0.0004423119477255044
Eye protection,CASP8,1.0,1.0379114067478037,1.0538277990322193,0.9421064558700026,0.9698868256528518,,0.0,0.161365363533618,0.0686396420182862,0.03465257818844252,0.04053708803565289,,0.7048927642213099,0.24593072066573607,0.04439716160552422,0.26762812599836827
Eye protection,IL-1B,1.0,1.0,1.0,1.0,1.0,,0.0,0.0,0.0,0.0,0.0,,,,,
Eye protection,IL-8,1.0,1.0,1.0,1.0,1.0273333333333332,,0.0,0.0,0.0,0.0,0.04734272207354936,,,,,0.3739009663000612
Eye protection,TNF-a,1.0,1.0,1.0,1.0,1.0,,0.0,0.0,0.0,0.0,0.0,,,,,
Eye protection,VEGFA,1.0,1.1415899342664515,1.155976042619738,1.0821117794778956,0.807069114316676,,0.0,0.10335911965028602,0.024515093140530023,0.04027444368176083,0.06701512608973523,,0.07659474805131483,0.00038542401730553086,0.02420186232694484,0.007562778657242486
Nonalcoholic liver damage,APEX1,1.0,0.9880003922241561,0.939762949525654,0.8522479346946782,0.8239894099477852,,0.0,0.20919251196493555,0.0767687388256287,0.0014300962539313261,0.023644050724476357,,0.925637995628301,0.2457056668350794,5.849855892154477e-09,0.00020865229874913774
Nonalcoholic liver damage,CAT,1.0,0.8412644422256114,0.8887194285651588,0.847568000526668,0.7562185233544366,,0.0,0.06628390175885977,0.04057538670613318,0.01765401884707228,0.031574122207874276,,0.014284764849918318,0.008969192057560582,0.000116450944433906,0.00018080590013662997
Nonalcoholic liver damage,ERCC1,1.0,1.660236851631587,0.9486993845994726,1.1088069504059574,1.1836893003051145,,0.0,0.5089114415398557,0.0671444809335365,0.07093496513499398,0.11859972150452422,,0.08792932116333307,0.2562931065638006,0.05657955155950583,0.055077859260425376
Nonalcoholic liver damage,ERCC6,1.0,1.2910112359550563,1.1856741573033707,0.8616573033707865,0.8426966292134831,,0.0,0.7765036766516652,0.3024247890988471,0.032840850986207704,0.0,,0.5516470448086611,0.34753877221960455,0.0018759539867111228,0.0
Nonalcoholic liver damage,GPX1,1.0,1.232622074835426,1.0939546873506307,1.0498946792414268,1.3158007509254712,,0.0,0.04953331501166302,0.09927456357379946,0.12667629517748624,0.05648642713968439,,0.0012426691201237892,0.1765074602971411,0.5325627807722941,0.0006364579157488532
Nonalcoholic liver damage,MLH1,1.0,0.9394817673466173,0.9613609514058439,0.8748523273214145,0.856422777033945,,0.0,0.20603454691032486,0.10960564283693368,0.0349536993201034,0.04326843526097439,,0.6377031447786257,0.5744576775503134,0.0034389001970024347,0.0045427504350789285
Nonalcoholic liver damage,MPG,1.0,1.0693023628996672,1.0262566694748667,0.8994263248686165,1.2092510129578369,,0.0,0.2930384561791161,0.0995691565093603,0.02835830092934643,0.08803680773795093,,0.7030694923759442,0.6715561376662407,0.0035613068130424673,0.014650150036743179
Nonalcoholic liver damage,MSH2,1.0,0.8239430457284295,0.8932732454934119,0.8449008675650672,0.7638072855464159,,0.0,0.030606122961881012,0.02313295372995227,0.015883260290697747,0.007259490989213657,,0.0005700483043783726,0.0013295567800216907,7.164334762063884e-05,5.936852856388113e-07
Nonalcoholic liver damage,MSH6,1.0,0.8230842821743359,0.8498165051284466,0.8414886609579374,0.7042987986575078,,0.0,0.0496495339429767,0.03787349195052818,0.07872843025519713,0.02403512388386783,,0.0035000549398712215,0.002353688335674066,0.025184460421840103,2.8676916846270906e-05
Nonalcoholic liver damage,OGG1,1.0,0.9438482655353133,0.9132259286988512,0.9731303552117131,1.0932165007533114,,0.0,0.09161607503971538,0.07455797797654276,0.035531246331438684,0.06828836647942982,,0.34827064992813117,0.11403681634161442,0.2604165078299519,0.07729770488794681
Nonalcoholic liver damage,SOD1,1.0,1.045034740137966,0.9063352832569734,0.9128978849234226,1.078819602016648,,0.0,0.034129653959672865,0.025409173023728263,0.04574129533690715,0.053853268870830424,,0.08427628165692405,0.003088040061763522,0.02998313667432829,0.06431981508891618
Nonalcoholic liver damage,SOD2,1.0,1.0522492713799678,0.9223455671041773,0.8756325885217447,1.0162633681959894,,0.0,0.08435176085502555,0.08275020991259045,0.07604824680339087,0.09583495583700402,,0.3437444152037376,0.17940521447690405,0.04722263997024626,0.7834308001521194
Nonalcoholic liver damage,UNG,1.0,0.8198370558266516,0.9377673638728262,0.8638298329714741,1.0629850168748256,,0.0,0.08546952569838594,0.04644491350824613,0.022731556773883433,0.060156528816719554,,0.021751782442547128,0.081064114181748,0.00048715864896553947,0.14396206790247876
Nonalcoholic liver damage,XPA,1.0,0.7993608367228354,0.8691458454386982,0.7122167344567112,0.6930708890180126,,0.0,0.00881922298517505,0.015528001355454112,0.0619125722406057,0.023681872486155255,,2.4780201561053566e-06,0.0001281596878465553,0.0012923008830161848,2.3318295961229468e-05
Nonalcoholic liver damage,XRCC1,1.0,0.7795204402515723,0.8522012578616351,0.8974056603773586,0.8379716981132076,,0.0,0.47356221188798675,0.11613802024211402,0.0889507460680297,0.1544961194659797,,0.46522288899595055,0.09221685914079619,0.11641935589977799,0.14346032595954225
Nonalcoholic liver damage,XRCC5,1.0,0.8531618791660568,0.9656186537747452,0.9317180936438262,0.788189837331014,,0.0,0.023052783885958692,0.05431790098200021,0.03682502415593427,0.040926227193631495,,0.0003837307725347835,0.33450878167252146,0.032538937208415636,0.0008568985752554712
Cardiovascular care,CASP8,1.0,1.0379114067478037,1.0538277990322193,0.9421064558700026,0.9698868256528518,,0.0,0.161365363533618,0.0686396420182862,0.03465257818844252,0.04053708803565289,,0.7048927642213099,0.24593072066573607,0.04439716160552422,0.26762812599836827
Cardiovascular care,EDN1,1.0,1.0,1.0,1.0,1.0,,0.0,0.0,0.0,0.0,0.0,,,,,
Cardiovascular care,F3,1.0,0.7527108560820218,1.150710940466647,1.0126155014556348,1.1940846377789966,,0.0,0.4403120704775871,0.10838260696805738,0.119251262775828,0.05447373968537491,,0.38575623507567713,0.07367476893519917,0.8635285674114479,0.0035014579285233714
Cardiovascular care,FGF2,1.0,0.7243645166868408,1.1066343881491727,1.300017292062943,1.4539166522566138,,0.0,0.655621514398802,0.28047493328654627,0.11962421180590041,0.0029498049644184738,,0.5068390376785256,0.5461836900283588,0.01221468009446739,1.1888764700130402e-09
Cardiovascular care,ICAM1,1.0,0.7730748470672903,1.0561353004677942,0.9960192515293271,0.7871986326016552,,0.0,0.560530285756178,0.05908929425838915,0.04750620788710189,0.02419470123560124,,0.5218242389419745,0.17521986776449194,0.8916230998872463,0.00010827255030732099
Cardiovascular care,IGF1R,1.0,0.8557608913203016,0.9032623924211088,0.9874574688104611,1.0062045500033359,,0.0,0.7888925787759508,0.11896953905750418,0.11342555092592015,0.09572799338056906,,0.7673224245556131,0.23179249944648073,0.857440460424186,0.9160239919222313
Cardiovascular care,IGF2BP3,1.0,0.8589040136356209,0.854035816853067,0.8588222933059376,0.8915571225104486,,0.0,0.15085223447616303,0.0395302614516284,0.05873198462789501,0.10295002099569521,,0.180540179988369,0.003068857507362584,0.014105865985622544,0.14213826046941236
Cardiovascular care,IL-6,1.0,1.0,1.0,1.0,1.0,,0.0,0.0,0.0,0.0,0.0,,,,,
Cardiovascular care,IL-8,1.0,1.0,1.0,1.0,1.0273333333333332,,0.0,0.0,0.0,0.0,0.04734272207354936,,,,,0.3739009663000612
Cardiovascular care,NOS3,1.0,0.9030067016844775,0.8947654410432894,0.9779931171889151,0.6954356094910342,,0.0,0.6228920265220079,0.020420769922208228,0.06629252392478342,0.035486835072532634,,0.800728974724406,0.0008711020772180968,0.5960970974654314,0.0001192535499231007
Cardiovascular care,PDGFC,1.0,0.9274993693769443,0.8142394685949718,0.7589548473892206,0.6468510888758092,,0.0,0.07588893675342213,0.08314975631255857,0.03859459469206711,0.12377100620039663,,0.17332425399708118,0.01800137564916107,0.0004142627271999653,0.0078058283277397805
Cardiovascular care,PLAT,1.0,1.0,1.0,1.0,1.0,,0.0,0.0,0.0,0.0,0.0,,,,,
Cardiovascular care,PROC,1.0,0.8976557801339361,0.9052445922111624,0.9220305309465404,0.32124394347923046,,0.0,0.053882723143602394,0.10468013482339895,0.02647201744254737,0.02879306824792651,,0.03022012521975019,0.19199193078320043,0.006975295202364848,2.1501609390109933e-06
Cardiovascular care,PTGIS,1.0,1.0,1.0,1.0,1.0,,0.0,0.0,0.0,0.0,0.0,,,,,
Cardiovascular care,SERPINE1,1.0,1.5591547400062808,1.553898036400616,1.4753914486966664,1.6007746721103084,,0.0,0.29054557291905436,0.09255770479855722,0.1287080621706213,0.07675607060497867,,0.029015440219110074,0.0004890580857402456,0.0030654848237249574,0.0001713648754647612
Cardiovascular care,VCAM1,1.0,1.0,1.0,1.0,1.0,,0.0,0.0,0.0,0.0,0.0,,,,,
Cardiovascular care,VWF,1.0,1.0,1.0,1.0,1.0,,0.0,0.0,0.0,0.0,0.0,,,,,
immunity,IL-10,1.0,1.0,1.0,1.0,1.0,,0.0,0.0,0.0,0.0,0.0,,,,,
immunity,IL-18,1.0,1.0,1.0,1.0,1.0,,0.0,0.0,0.0,0.0,0.0,,,,,
immunity,IL-1B,1.0,1.0,1.0,1.0,1.0,,0.0,0.0,0.0,0.0,0.0,,,,,
immunity,IL-6,1.0,1.0,1.0,1.0,1.0,,0.0,0.0,0.0,0.0,0.0,,,,,
immunity,IL-8,1.0,1.0,1.0,1.0,1.0273333333333332,,0.0,0.0,0.0,0.0,0.04734272207354936,,,,,0.3739009663000612
immunity,TNF-a,1.0,1.0,1.0,1.0,1.0,,0.0,0.0,0.0,0.0,0.0,,,,,
Anti-inflammatory,IFNG,1.0,1.0,1.0,1.0,1.0,,0.0,0.0,0.0,0.0,0.0,,,,,
Anti-inflammatory,IL-10,1.0,1.0,1.0,1.0,1.0,,0.0,0.0,0.0,0.0,0.0,,,,,
Anti-inflammatory,IL-16,1.0,1.0,1.0,1.0,1.0,,0.0,0.0,0.0,0.0,0.0,,,,,
Anti-inflammatory,IL-18,1.0,1.0,1.0,1.0,1.0,,0.0,0.0,0.0,0.0,0.0,,,,,
Anti-inflammatory,IL-1B,1.0,1.0,1.0,1.0,1.0,,0.0,0.0,0.0,0.0,0.0,,,,,
Anti-inflammatory,IL-6,1.0,1.0,1.0,1.0,1.0,,0.0,0.0,0.0,0.0,0.0,,,,,
Anti-inflammatory,IL-8,1.0,1.0,1.0,1.0,1.0273333333333332,,0.0,0.0,0.0,0.0,0.04734272207354936,,,,,0.3739009663000612
Anti-inflammatory,IL12A,1.0,1.0,1.0,1.0,1.0,,0.0,0.0,0.0,0.0,0.0,,,,,
Anti-inflammatory,IL23,1.0,1.0,1.0,1.0,1.0,,0.0,0.0,0.0,0.0,0.0,,,,,
Anti-inflammatory,IL3,1.0,1.0,1.0,1.0,1.0,,0.0,0.0,0.0,0.0,0.0,,,,,
Anti-inflammatory,IL4,1.0,1.0,1.0,1.0,1.0,,0.0,0.0,0.0,0.0,0.0,,,,,
Anti-inflammatory,TGFB,1.0,1.4202738820158156,1.1248174579119938,1.230044361171576,1.2861157799024605,,0.0,0.11732315857248961,0.08643846611789012,0.052393391141019416,0.05074544329957026,,0.0034325155563935195,0.06668899215564532,0.0016043340510956173,0.0006159776478024959
Anti-inflammatory,TNF-a,1.0,1.0,1.0,1.0,1.0,,0.0,0.0,0.0,0.0,0.0,,,,,
Apoptosis,AIFM1,1.0,0.9510333069078983,0.9499038910548093,0.9074856379570605,0.7892987847919812,,0.0,0.08986373746947632,0.06738770676842597,0.08412970590497995,0.06740879905330655,,0.3987148073318709,0.2673296734139478,0.12953889015257078,0.005639778530900175
Apoptosis,BAD,1.0,0.5142882073207975,1.0457658915405088,0.883774704419528,1.0663147332140832,,0.0,0.4373766447453716,0.10292212372334211,0.12151004643171409,0.022192133944422134,,0.12676529128577585,0.48415594121217814,0.1729170366265285,0.006625770781010151
Apoptosis,BAX,1.0,1.102045295684855,1.013314513596472,0.9783482979506523,0.9947356513576212,,0.0,0.06152143592057972,0.04725904644619122,0.01924044834984627,0.06618131138717206,,0.045333958025665505,0.6511051582488357,0.12308214240554838,0.8970754767773514
Apoptosis,BCL-2,1.0,1.0,1.0,1.0,1.0,,0.0,0.0,0.0,0.0,0.0,,,,,
Apoptosis,BCLXL,1.0,0.9642512275799725,1.0339099706202617,0.9342808127709407,1.208965956485115,,0.0,0.09392118668466247,0.012513891962618783,0.07713751480006278,0.06284805081048443,,0.5457489428684901,0.009353493612040745,0.21406913384546525,0.004509779967183876
Apoptosis,CASP9,1.0,0.6923250734352641,0.9016344053626574,1.0692174436996311,1.1447616178353546,,0.0,0.41641230532197465,0.2162415987907234,0.22552810532646486,0.17951160257676405,,0.2698139732139157,0.474827784729125,0.6231619096930536,0.23499925208774558
Apoptosis,EndoG,1.0,1.194601704123063,0.9930948704752102,0.9324069308629269,1.0532538457139589,,0.0,0.24425030297086003,0.07852202301614176,0.10161837723715404,0.007112896916053718,,0.23970738110943426,0.886312987059275,0.3134511046490573,0.00020401726392975096
Telomerase activity,RTEL1,1.0,1.0,1.0,1.0,1.0,,0.0,0.0,0.0,0.0,0.0,,,,,
Telomerase activity,TERC,1.0,1.3929375013653145,1.0665181204535028,1.1190772658758765,1.7384712847062935,,0.0,0.08253513741341494,0.15466945514449545,0.3937211211784174,0.2287495354242985,,0.0011796321397778877,0.497719795677814,0.6280716250423903,0.005019435511017792
Telomerase activity,TERT,1.0,0.7613247049866768,0.8127141225732775,0.7613247049866768,0.8825022205303895,,0.0,0.0,0.08900908223136597,0.0,0.20988561365667782,,0.0,0.021878542780593337,0.0,0.387136782946172
Hair,AR,1.0,1.0,1.0,1.0,1.0,,0.0,0.0,0.0,0.0,0.0,,,,,
Hair,BDNF,1.0,1.0,1.0,1.0,1.0,,0.0,0.0,0.0,0.0,0.0,,,,,
Hair,IGF1,1.0,1.1871367686943044,0.7788970683197727,0.8925481079684876,0.7748934521503292,,0.0,0.7140263693348645,0.006934466619480209,0.10993000043088882,0.0,,0.6734064676584133,6.436270210170182e-07,0.16570785861680884,0.0
Hair,KROX20,1.0,1.0,1.0,1.0,1.0,,0.0,0.0,0.0,0.0,0.0,,,,,
Hair,SCF,1.0,0.5961935951466996,0.840603441333584,0.7614151880385474,0.9309585805170054,,0.0,0.45358889644531425,0.09204681830793891,0.10040561938541706,0.0942103550135596,,0.19794526279740718,0.0399665884705671,0.014663579111655577,0.2731537796789455
Hair,SRD5A1,1.0,0.5746040415073731,0.9002457673402513,0.8805297651556526,0.8573457127252867,,0.0,0.38031176607559664,0.03785535123067839,0.06684316111889858,0.0928722131859958,,0.12475276616967934,0.010305970347202206,0.03637137004733263,0.05636227095660406
Hair,SRD5A2,1.0,1.0,1.0,1.0,1.0,,0.0,0.0,0.0,0.0,0.0,,,,,
Hair,TGFB,1.0,1.4202738820158156,1.1248174579119938,1.230044361171576,1.2861157799024605,,0.0,0.11732315857248961,0.08643846611789012,0.052393391141019416,0.05074544329957026,,0.0034325155563935195,0.06668899215564532,0.0016043340510956173,0.0006159776478024959
Hair,VEGFA,1.0,1.1415899342664515,1.155976042619738,1.0821117794778956,0.807069114316676,,0.0,0.10335911965028602,0.024515093140530023,0.04027444368176083,0.06701512608973523,,0.07659474805131483,0.00038542401730553086,0.02420186232694484,0.007562778657242486
Stomach protection,GPX1,1.0,1.232622074835426,1.0939546873506307,1.0498946792414268,1.3158007509254712,,0.0,0.04953331501166302,0.09927456357379946,0.12667629517748624,0.05648642713968439,,0.0012426691201237892,0.1765074602971411,0.5325627807722941,0.0006364579157488532
Stomach protection,IL-1B,1.0,1.0,1.0,1.0,1.0,,0.0,0.0,0.0,0.0,0.0,,,,,
Stomach protection,IL-6,1.0,1.0,1.0,1.0,1.0,,0.0,0.0,0.0,0.0,0.0,,,,,
Stomach protection,IL-8,1.0,1.0,1.0,1.0,1.0273333333333332,,0.0,0.0,0.0,0.0,0.04734272207354936,,,,,0.3739009663000612
Stomach protection,SOD1,1.0,1.045034740137966,0.9063352832569734,0.9128978849234226,1.078819602016648,,0.0,0.034129653959672865,0.025409173023728263,0.04574129533690715,0.053853268870830424,,0.08427628165692405,0.003088040061763522,0.02998313667432829,0.06431981508891618
Stomach protection,SOD2,1.0,1.0522492713799678,0.9223455671041773,0.8756325885217447,1.0162633681959894,,0.0,0.08435176085502555,0.08275020991259045,0.07604824680339087,0.09583495583700402,,0.3437444152037376,0.17940521447690405,0.04722263997024626,0.7834308001521194
Antiaging,Atg1,1.0,0.7698229407236336,1.2192712342827816,1.3755452912496793,1.5994354631768026,,0.0,0.0,0.12684589946608976,0.1602648292186521,0.602954491343874,,0.0,0.04017526601356181,0.015365414164844007,0.1601855640629217
Antiaging,Atg8,1.0,1.2460873218724835,1.017996568747593,1.1089247575365009,1.0021357795595394,,0.0,0.042788922350286335,0.047589216977576135,0.08790788637488538,0.04924142923001226,,0.0005704903547266496,0.5482224769954751,0.09840623492656604,0.9437221521107018
Antiaging,CCT2,1.0,0.9297462112371733,0.9566880227664556,0.9534793377852395,0.985385501441725,,0.0,0.01591706096898146,0.03314759640736712,0.019715240848646495,0.018067143480126478,,0.0015728832200538748,0.08637742773471431,0.015012013668979748,0.23380894903185237
Antiaging,CCT5,1.0,0.8541805041146473,0.8246856319445227,0.7506360535410733,1.0625499555325402,,0.0,0.12549782395992923,0.028315047541473938,0.10086658336287462,0.09278463124244705,,0.11446962106457628,0.0004284923044269305,0.012827245537020793,0.3078029865989884
Antiaging,CCT6A,1.0,0.8896429524757762,0.9725653924417799,0.9174173638982553,0.8579889155821062,,0.0,0.03967901454413566,0.0720288781719657,0.09181808231225007,0.04159006826433196,,0.008540052379377593,0.5454897870550065,0.19427035126409548,0.004092841465157145
Antiaging,CCT7,1.0,0.976893319832801,0.9086117818106291,0.8503466002025079,0.8398239738297374,,0.0,0.14182196516345286,0.03251636204158364,0.0072146577725744655,0.06175163713192653,,0.7917906935662749,0.008231681233537102,3.5824954796713984e-06,0.010883061857737244
Antiaging,CCT8,1.0,0.8230710730088496,0.9253894727138644,0.8730088495575222,0.9050308812684366,,0.0,0.009017609898650998,0.019015738313175563,0.0584391576685965,0.03521159864931906,,4.4727670245249745e-06,0.0024486924717202346,0.01970938724077612,0.009507614010248595
Antiaging,FOXO,1.0,0.8206397710130352,0.9794221173558196,0.7097048698410243,0.7419255018759912,,0.0,0.5132249959324394,0.15761949994303523,0.1327369583184585,0.1279813799493272,,0.5776354581439553,0.8321878895734319,0.01930233641314913,0.025061831514507155
Antiaging,MRPS5,1.0,0.9725406036191572,0.9358534752861436,0.9452970138755674,1.1422005882729074,,0.0,0.062451039828765716,0.03385811001433335,0.029998541736632894,0.03512409985863728,,0.48874209606402075,0.03045804999564787,0.034235552631882625,0.0021778219115916597
Antiaging,NADSYN,1.0,0.8941877794336812,0.8941877794336812,0.8941877794336812,1.2384500745156486,,0.0,0.0,0.0,0.0,0.5962797862122365,,0.0,0.0,0.0,0.526646603830786
Antiaging,PARP1,1.0,0.9281353330184223,0.9199279641001418,0.8434636277751536,0.9552786962683042,,0.0,0.032552334108125865,0.05055163245511335,0.07211448763083923,0.04949650528977081,,0.018717403741828113,0.05171846632794352,0.01977999968975149,0.19264628523169913
Antiaging,PARP2,1.0,0.9280519652242901,0.8149647945522464,0.8879210604608113,0.6161118640706094,,0.0,0.22449010716137746,0.04890503307800696,0.014873640419355362,0.04006271491740742,,0.6083952100502952,0.0028036621590765355,0.0001989178218894348,7.71992279158824e-05
Antiaging,Pink1,1.0,0.45433893684688775,0.8965621687111919,0.932985006815084,0.7844918976222929,,0.0,0.0,0.1178071017487764,0.12944434455745069,0.3076560172945137,,0.0,0.20295451261799827,0.42056647736452796,0.29176967550186034
Antiaging,SIRT1,1.0,0.7450786182988735,0.9483409681812555,0.9561408938962487,0.8980747802401883,,0.0,0.48456877249007074,0.15632998508506232,0.060645089954718824,0.03210428204516996,,0.4137380079966836,0.5977149810074873,0.2785741242331738,0.005331820569953154
Antiaging,SOD3,1.0,1.0,1.0,1.0,1.0,,0.0,0.0,0.0,0.0,0.0,,,,,
Antiaging,Ubl-5,1.0,1.22790817663631,1.0724423442311473,1.1106474808360087,1.5687323920592282,,0.0,0.14283660507229665,0.04636682791932876,0.1573121863680969,0.08174762027782706,,0.05066028150576315,0.05375308168618207,0.2900660977046858,0.00027195482915953235
LPS inflammatory,ICAM1,1.0,0.7730748470672903,1.0561353004677942,0.9960192515293271,0.7871986326016552,,0.0,0.560530285756178,0.05908929425838915,0.04750620788710189,0.02419470123560124,,0.5218242389419745,0.17521986776449194,0.8916230998872463,0.00010827255030732099
LPS inflammatory,IL-8,1.0,1.0,1.0,1.0,1.0273333333333332,,0.0,0.0,0.0,0.0,0.04734272207354936,,,,,0.3739009663000612
LPS inflammatory,NOS3,1.0,0.9030067016844775,0.8947654410432894,0.9779931171889151,0.6954356094910342,,0.0,0.6228920265220079,0.020420769922208228,0.06629252392478342,0.035486835072532634,,0.800728974724406,0.0008711020772180968,0.5960970974654314,0.0001192535499231007
LPS inflammatory,VCAM1,1.0,1.0,1.0,1.0,1.0,,0.0,0.0,0.0,0.0,0.0,,,,,
Increase HDL ,ABCA1,1.0,0.8533803401078391,0.7799322549426241,0.7632379372321306,0.8088448776441312,,0.0,0.09443282480875695,0.05072260138335615,0.16849480209386655,0.07893704294186493,,0.05470107728086627,0.0016783514035490922,0.0716856997063994,0.013758116057733015
Increase HDL ,CETP,1.0,1.0,1.0,1.0,1.0,,0.0,0.0,0.0,0.0,0.0,,,,,
Increase HDL ,LDLR,1.0,0.9039709532126113,0.9857707509881423,0.915644820295983,0.8747679014615312,,0.0,0.15437905460141746,0.020534714362241246,0.037307309661017536,0.04184338554489681,,0.34194497130737966,0.29628155367963516,0.017301259230221393,0.006589003939070489
Increase HDL ,SCARB1,1.0,0.9066836347617532,0.9461589290521525,0.8935904652357994,0.6067480808921304,,0.0,0.17318015973324674,0.005621332657961237,0.08873687743698898,0.07294880693864654,,0.4035007756555955,7.733276330936026e-05,0.10638321813491168,0.0007324824279186733
Increase HDL ,apoA-I (APA1),1.0,1.1421096571096296,1.1530392762681803,1.0532928303083662,0.8163774765266559,,0.0,0.06616591259036665,0.033182823415018166,0.06809689272429212,0.011134278075667733,,0.020473458604365426,0.0013313351394385429,0.2467401401169969,8.939495384473606e-06
Collagen,COL1A1,1.0,1.0,1.0,1.0,1.0,,0.0,0.0,0.0,0.0,0.0,,,,,
Collagen,COL1A2,1.0,1.5353359683794467,1.4324110671936758,1.1445059288537551,0.948616600790514,,0.0,1.016227754448712,0.4270292220385752,0.33929026886606156,1.3597399555105182e-16,,0.4131639482838323,0.15431542745219456,0.5016365979444244,3.2691952088358085e-59
Collagen,COL4A1,1.0,1.0,1.0,1.0,1.0,,0.0,0.0,0.0,0.0,0.0,,,,,
Collagen,COL4A4,1.0,1.0,1.0,1.0,1.0,,0.0,0.0,0.0,0.0,0.0,,,,,
Collagen,COL4A5,1.0,1.0,1.0,1.0,1.0,,0.0,0.0,0.0,0.0,0.0,,,,,
Collagen,ELN,1.0,1.0,1.0,1.0,1.0,,0.0,0.0,0.0,0.0,0.0,,,,,
Collagen,FBN1,1.0,1.0,1.0,1.0,1.0088333333333332,,0.0,0.0,0.0,0.0,0.015299782133525064,,,,,0.37390096630006237
Collagen,HAS2,1.0,1.0,1.0,1.0,1.0,,0.0,0.0,0.0,0.0,0.0,,,,,
Collagen,HAS3,1.0,1.0,1.0,1.0,1.0,,0.0,0.0,0.0,0.0,0.0,,,,,
Collagen,LOX,1.0,1.0750000627143261,1.0287545185672033,0.9096825902521869,0.8184821627913395,,0.0,0.0487832665128442,0.05357812543970111,0.048851234659067704,0.061381671200402985,,0.05622141968146882,0.4052152058535666,0.03283002490457518,0.006876482019371479
Collagen,MMP1,1.0,1.0,1.0,1.0,1.0,,0.0,0.0,0.0,0.0,0.0,,,,,
Collagen,MMP2,1.0,1.0,1.0,1.0,1.0,,0.0,0.0,0.0,0.0,0.0,,,,,
Collagen,MMP9,1.0,1.0,1.0,1.0,1.0,,0.0,0.0,0.0,0.0,0.0,,,,,
Collagen,TIMP1,1.0,1.0707530059189398,1.0320896776876323,0.9914976067665248,0.9591159634423634,,0.0,0.015001309484757287,0.051925437297139714,0.09118007341061955,0.07573367580391084,,0.0012225314373590299,0.3447299692679288,0.8795206401856841,0.40270780193611994
Fatty liver,ACC (ACACA),1.0,0.47308286155429746,0.714462171899125,0.7640247040658775,0.6559444158517757,,0.0,0.2845448367349386,0.067871290302195,0.025488853448861037,0.008277839847864095,,0.03266987901337224,0.001885156127147843,8.844368902988113e-05,2.2310223518985776e-07
Fatty liver,PPAR-a,1.0,0.6764159292035399,0.9176991150442477,0.761504424778761,0.854424778761062,,0.0,0.37678824933678623,0.1322955499560677,0.05089982468408151,0.06618296178809116,,0.21110074521605812,0.34190066201622743,0.0012535006760382229,0.01894343634513117
Fatty liver,PPAR-g,1.0,0.9149130832570904,1.166971637694419,1.0675510826471484,2.11939615736505,,0.0,0.0,0.24869863752281904,0.17736241621684212,1.049539204696233,,0.0,0.30952962626598574,0.5455086051721618,0.13841623289719027
Fatty liver,SCD1 (SCD),1.0,0.9371196242693504,0.9901164496799092,0.9274444446847796,0.7684993918314343,,0.0,0.06984444055597291,0.005638764497857332,0.04574034864644378,0.021145215885693857,,0.1939229266829986,0.038556239441772805,0.0515085791507079,4.555536391206278e-05
Fatty liver,SREBP-1c (SREBF1),1.0,0.9347797973992384,0.9301099216897765,0.8251167468927365,0.8394712263812055,,0.0,0.2360947519820323,0.06602076973880298,0.15434083137505544,0.055723610538905684,,0.6572924350647227,0.14064496021963352,0.12119521342859389,0.007545269871523355
