,g+AF8-cat,g,g+AF8-sign,mock+AF8-nor,UVA1,X2746.6h1,X2747.6h1,X2748.6h1,X2749.6h1,X2750.6h1,X2751.6h1,X2746.24h1,X2747.24h1,X2748.24h1,X2749.24h1,X2750.24h1,X2751.24h1,std,UVA1,X2746.6h1,X2747.6h1,X2748.6h1,X2749.6h1,X2750.6h1,X2751.6h1,X2746.24h1,X2747.24h1,X2748.24h1,X2749.24h1,X2750.24h1,X2751.24h1,P+AC0-value,X2746.6h1,X2747.6h1,X2748.6h1,X2749.6h1,X2750.6h1,X2751.6h1,X2746.24h1,X2747.24h1,X2748.24h1,X2749.24h1,X2750.24h1,X2751.24h1
SOD1,Anti+AC0-oxidation,SOD1,up,1,1.0983739721,0.9651821051,0.8874841656,1.0153263149,1.0100159597,0.9357890744,0.9321283646,1.1506902746,1.0180852663,0.9890822819,0.9330229662,0.5695821137,1.0093790033,,0.0032539857,0.0052731775,0.0083348592,0.0066952148,0.0061790304,0.0110220542,0.0055616334,0.0239620876,0.0316188222,0.0264417967,0.0032135007,0.0431165757,0.0137294918,,0.0027773167,0.0073185677,0.0136333805,0.0096581013,0.0197684482,0.0024089343,0.1938888223,0.1696422333,0.1035870242,0.0003809904,0.0356831676,0.0570172874
SOD2,Anti+AC0-oxidation,SOD2,up,1,0.9129705048,0.9488337653,0.8414908059,0.8286066889,0.8964827842,1.1697396026,2.323485129,1.0246575342,0.8856226089,0.9838825126,0.6783660373,0.9446624707,0.9719856843,,0.0246784892,0.013543499,0.0070859028,0.0615391463,0.0573504352,0.0164057849,0.1061140128,0.0134038753,0.0378729289,0.044819208,0.0131944398,0.0493918843,0.0127755686,,0.2481513952,0.1306438665,0.2747862484,0.7587610819,0.0108332918,0.0260182826,0.0521835545,0.4947734557,0.2240589579,0.0173448326,0.5274114366,0.1333038056
GPX1,Anti+AC0-oxidation,GPX1,up,1,0.8269998587,0.7829128683,0.7942283231,0.9550473465,0.8060060538,0.8898841071,0.8667349775,0.8899812734,0.7904300049,0.8965679693,0.8039125621,0.6959991049,0.733646621,,0.0002873199,0.0020070753,0.0018946458,0.0107890707,0.0105225711,0.0235435761,0.0022569187,0.0155610796,0.0149281429,0.0198375657,0.0020986845,0.0053299925,0.0294148959,,0.0181111109,0.0226885202,0.0377259007,0.2164647041,0.1647561531,0.0233571607,0.1100556458,0.1786946833,0.126643124,0.0375044821,0.0179919053,0.1395635799
CAT,Anti+AC0-oxidation,CAT,up,1,0.9480992514,0.963172995,0.8010041691,0.6753149236,0.7759671852,0.6616084637,0.6882817053,1.1677500336,0.9799950688,1.0378468642,0.9568745237,0.5178307258,0.9391334559,,0.0126320013,0.0008875685,0.0216820298,0.0423021473,0.0090341791,0.0002218921,0.0066250647,0.0191778187,0.0261040227,0.0394809475,0.0242179397,0.0791996366,0.0060386355,,0.3392657461,0.0261150521,0.0516006709,0.0060557533,0.0197962054,0.0055822209,0.0093072979,0.3039806945,0.1661155209,0.7063461185,0.0760329418,0.4910462793
CCT2,Anti+AC0-aging,CCT2,up,1,1.2449204321,1.1144290858,1.1626019282,0.9927238936,1.1991636659,0.9503589267,1.1495272389,0.6746985713,1.1230154489,1.2112161691,1.0025090022,0.6351910791,1.4071553026,,0.0137462412,0.0250415513,0.0098891458,0.0420337979,0.03006826,0.0310210349,0.0102045472,0.0066102862,0.0443861662,0.0360083184,0.0081412968,0.0126489075,0.0084961233,,0.0418880015,0.0261944429,0.0532566942,0.2408597799,0.0224634368,0.0196940835,0.0024320177,0.1356975322,0.3958735424,0.0054923415,0.0004893579,0.0097944911
CCT5,Anti+AC0-aging,CCT5,up,1,1.0997986028,0.8712311789,0.9019129049,0.988203876,0.9861308861,1.0857671907,1.0482099253,0.6362898645,1.1607636865,1.2543654512,0.8393395941,0.7668956054,1.2567851689,,0.0204589555,0.0049660698,0.0273029508,0.0110171632,0.0380071264,0.001032859,0.0108711023,0.0532183233,0.000386018,0.0091914022,0.0061658555,0.0403649663,0.0191026759,,0.0308543311,0.0180828385,0.0398461,0.0961889576,0.5095863331,0.1228863867,0.0295190169,0.1482662686,0.0302419176,0.023090111,0.0230840584,0.0157418097
CCT6A,Anti+AC0-aging,CCT6A,up,1,0.9869534591,0.8757540654,0.8717746701,1.0064932247,0.9580627823,0.7259925954,0.9530184314,0.64933916,0.7413259532,0.7567761557,0.7605318769,0.5305548786,1.3737660369,,0.0228177395,0.0032104413,0.0345783414,0.002766645,0.0129314688,0.0075728645,0.0005004511,0.0040649853,0.0054719139,0.0111373986,0.0662578432,0.004976184,0.0335774392,,0.0864843255,0.0741705338,0.4372198204,0.2900847826,0.0241815147,0.2823423279,0.0258087562,0.0323208707,0.0181288969,0.101446295,0.0171413102,0.0087951122
CCT7,Anti+AC0-aging,CCT7,up,1,1.1531438888,1.03738912,0.9265719444,0.7227333386,0.7147107308,0.8791820394,0.7432608525,0.7327733731,0.8841274825,0.9028652171,0.7563309522,0.7838841353,1.1269251904,,0.0052509853,0.0031861158,0.0157196515,0.0075600866,0.0118896517,0.0182396804,4.44057951918517E+AC0-05,0.0373230709,0.0254556221,0.0134549559,0.0024756231,0.0493459399,0.0268988104,,0.0036571799,0.0180953908,0.0004973715,0.0034998943,0.0197381216,0.0057698417,0.0364310746,0.0351865178,0.0108633541,0.0010844743,0.0574393898,0.3934062764
CCT8,Anti+AC0-aging,CCT8,up,1,0.954221973,0.9264286159,1.0043123325,0.9183959619,1.0869196735,0.8558796037,1.1317255562,0.7807627594,1.0517853804,1.0940736586,1.0357013772,0.5424066804,1.3317629463,,0.0115625861,0.0125496361,0.0715787534,0.0336213918,0.0020093519,0.0029170854,0.0182780515,0.0166124046,8.81294673380166E+AC0-05,0.0174143827,0.0060721203,0.0373668942,0.0198643819,,0.1486157797,0.5008430185,0.355643258,0.0341263213,0.0410460975,0.0130525057,0.0101232827,0.0532472038,0.0169506473,0.0278793788,0.026812877,0.0050491408
Pink1,Anti+AC0-aging,Pink1,up,1,0.7663017532,0.7067742201,0.7328669026,1.0768293687,0.8441023953,0.9149559635,0.9406864763,1.191143304,0.9462013334,0.8059593382,0.7885751914,0.9410157215,0.8259774467,,0.0147835314,0.0226991229,0.0128046335,0.0209064743,6.98434552163228E+AC0-05,0.0016529618,0.0714265735,0.0276580083,0.011663857,0.0158777455,0.013503068,0.0452119967,0.0210927235,,0.1082320476,0.1392621427,0.0052782444,0.0849839206,0.0422566786,0.1672401464,0.008365455,0.0066439897,0.1232228021,0.2572677147,0.0897335748,0.0947187591
Atg1,Anti+AC0-aging,Atg1,up,1,0.8583219245,1.2360649325,1.2066888324,1.4179542343,1.150009779,1.4776843341,1.4822217876,1.2441619402,0.7890084099,0.7006062977,1.0133776648,1.4431840407,0.8947389008,,0.0061403366,0.0037616477,0.0890072217,0.0976922023,0.0137189503,0.063450145,0.0448631801,0.0302591363,0.0387781618,0.0658841523,0.0039276027,0.0085743439,0.0326378252,,0.0006470993,0.1124092625,0.0771766919,0.0073157985,0.0441953992,0.0294426985,0.0289523762,0.2329003419,0.1802212701,0.0025282715,0.000330663,0.3526579551
Atg8,Anti+AC0-aging,Atg8,up,1,1.1196153375,1.1740502455,1.1204178512,1.0102422503,1.0842911356,0.8515893851,0.9314598947,0.850501231,1.0256260286,0.9013044247,0.8833090766,0.5005372761,0.8326283002,,0.0656525645,0.0391453175,0.0817146481,0.0385490007,0.0203132459,0.0021544352,0.0037317895,0.0141192448,0.0028661682,0.0070211503,0.0056553923,0.039491566,0.0012311058,,0.4397202166,0.9923842279,0.2086640297,0.5834482621,0.1088824834,0.1530196801,0.0965046916,0.2915964693,0.1299989973,0.1213038279,0.0147721774,0.102007453
SIRT1,Anti+AC0-aging,SIRT1,up,1,1.3598336097,1.1759024929,1.21686011,0.8592372807,1.059894697,1.0458155162,1.0557640283,1.0674288041,1.2984262734,1.2185181953,1.3250138174,0.8194723216,1.1985339035,,0.0317176792,0.0120124025,0.0024683019,0.0551254087,0.0215565031,0.0196641383,0.0414674716,0.0136167987,0.0487078238,0.1153108362,0.042866176,0.0138636289,0.027069044,,0.0502167218,0.0973754827,0.0167366121,0.0124181423,0.013046389,0.0174839667,0.0242999591,0.2927171324,0.3184702754,0.460293795,0.0102946251,0.0335815713
FOXO,Anti+AC0-aging,FOXO,up,1,0,0,0,0,0,0,0,0,0,0,0,0,0,,0,0,0,0,0,0,0,0,0,0,0,0,0,,1,1,1,1,1,1,1,1,1,1,1,1
PARP1,Anti+AC0-aging,PARP1,down,1,1.0606791543,0.9599555271,1.0485810123,1.1170806166,1.0819168583,1.2042362341,1.0531036822,0.8762672898,0.9276938152,1.162948027,0.96715411,0.9320280406,1.4324803075,,0.0376299241,0.0314204536,0.0345385139,0.0123389907,0.0059429696,0.0004264014,0.0125255413,0.047330556,0.0258239351,0.011539488,0.0395220803,0.0653726655,0.0037310123,,0.1045965419,0.7697284489,0.2576769478,0.5699003586,0.1166557761,0.8256079119,0.0543348294,0.0663288091,0.1377144521,0.1365752698,0.1682080903,0.0435837354
PARP2,Anti+AC0-aging,PARP2,down,1,0.9868642786,1.0521972087,1.0184505034,0.6421812211,0.7702545046,0.8334269542,0.654928056,0.694680897,1.1767273042,1.2510910426,0.9134943611,0.4969537225,0.9993950655,,0.1087104493,0.04075878,0.0911725634,0.0235875399,0.0250541227,0.0824952819,0.0229153561,0.008127313,0.0100827567,0.0169879173,0.0069051606,0.0576244821,0.0333036508,,0.5473198369,0.7834950108,0.1265121651,0.2026487937,0.2615146257,0.1323231728,0.1620611903,0.24246512,0.1730092627,0.5144703055,0.0535937898,0.8984011003
NADSYN,Anti+AC0-aging,NADSYN,up,1,1.2136442414,1.2034031826,1.1340790925,1.0154403655,1.152670553,1.1342366472,1.0346620451,1.1191113912,0.8068378762,1.1430597133,1.0105561683,1.2487789507,0,,0.0020053446,0.0178252852,0.0360962025,0.0180481012,0.2125665257,0.0109179872,0.1232172838,0.124108548,0.2497768085,0.0684045318,0.0062388498,0.1996431939,0,,0.5647470422,0.1967186459,0.0387161363,0.7546547736,0.0544264262,0.2883517817,0.4763372309,0.2607500821,0.3822656061,0.0071192322,0.8447170826,0.000741071
MRPS5,Anti+AC0-aging,MRPS5,up,1,1.1500831338,1.1071128941,1.1800417957,1.3254572357,1.5213935964,1.3354027793,1.3689308541,0.8526015528,1.0671781808,1.155452507,1.1053739494,0.9105053617,1.197278704,,0.0012080473,0.004249738,0.0527226375,0.0428641083,0.0062128149,0.006536399,0.0102899747,0.0395635504,0.0013159087,0.0091897887,0.0174519696,0.0702824685,0.0034515638,,0.0313094262,0.5689767553,0.1087330173,0.0055786569,0.0126957606,0.0195049329,0.0594871745,0.000241088,0.5595459107,0.1700191339,0.1301335376,0.0182314778
Ubl+AC0-5,Anti+AC0-aging,Ubl+AC0-5,up,1,1.152548721,1.0670796851,1.0436862206,1.1955380497,1.2306865767,1.1605583731,1.1855543821,0.7361818919,0.7652640821,0.6673031818,0.6508295163,0.6362684661,1.0307645549,,0.0003907483,0.0059306906,0.0282988592,0.0031824277,0.0027439213,0.0416146924,0.0203579857,0.0433991096,0.0088178863,0.0123389625,0.0183130697,0.0240483862,0.0179353463,,0.0305856042,0.1156442596,0.0308855215,0.0138823288,0.8308418282,0.2618058884,0.0468283182,0.0101149269,0.0113600586,0.0163747632,0.0209353299,0.0659728998
SOD3,Anti+AC0-aging,SOD3,up,1,0,0,0,0,0,0,0,0,0,0,0,0,0,,0,0,0,0,0,0,0,0,0,0,0,0,0,,1,1,1,1,1,1,1,1,1,1,1,1
UNG,DNA repair,UNG,up,1,0.7936496403,0.8564629805,0.9076872775,1.0329143355,1.110368379,1.0484632711,0.9840877716,0.9774395117,0.9717358134,1.0606699121,0.8149749328,0.9587299281,1.3513042215,,0.1161128624,0.0329328959,0.0136150038,0.0119195505,0.0252776674,0.0147966834,0.0003082642,0.0451607106,0.0009247927,0.0014385664,0.0136150038,0.0157214761,0.0266134791,,0.5817616695,0.3948104434,0.2072904413,0.148022615,0.1935895173,0.2591224429,0.2369748103,0.2749839489,0.189849711,0.8383864756,0.2892036339,0.0800346442
OGG1,DNA repair,OGG1,up,1,0.890070922,0.9046303873,0.9430578287,0.9275436443,0.9375,1.0913120567,1.0340289143,0.8428464266,0.9017321331,0.9812465903,0.8178873432,0.6449468085,1.2094585379,,0.0572860649,0.0149966045,0.0403124161,0.0025556914,0.0038094269,0.0266177675,0.0035683239,0.015768134,0.0446522695,0.0004822059,0.0512584908,0.0284019295,0.0006268677,,0.7814284422,0.4074520516,0.5246265409,0.4494150682,0.0836842278,0.1734453655,0.4431220911,0.8425891128,0.2661715239,0.316841708,0.0609246067,0.0802902135
MPG,DNA repair,MPG,up,1,0.7373165322,0.7682130665,0.9850394072,1.0388251766,0.8646467507,1.0384161593,1.0981956046,0.986848522,0.7816634417,0.9491717401,0.8559629997,1.3832963645,0.9675932481,,0.0355294266,0.0266748794,0.0040045691,0.0768654783,0.0497678943,0.0072749671,0.0575100612,0.0498568848,0.0193554171,0.0383103773,0.0628049914,0.0569983662,0.0437165455,,0.4358037463,0.0613793911,0.072303638,0.1108242499,0.0448141554,0.027757566,0.036107748,0.2950535412,0.0294728103,0.1782165942,0.0103348811,0.0314283601
APEX1,DNA repair,APEX1,up,1,1.2584984009,1.141029609,0.9609512019,0.7558934282,0.7744119468,0.6505209945,0.5980475601,0.7326421129,0.8639997937,1.0383653152,0.7831037862,0.4741695038,1.1113432374,,0.0348155072,0.0024803085,0.0443172774,0.0003465137,0.0177451485,0.0092646819,0.0165779445,0.0481471655,0.0050335673,0.0290889125,0.009465295,0.0674972196,0.0287423988,,0.1299675575,0.0202660602,0.0311347383,0.0105764737,0.0176122819,0.0076270601,0.0089072004,0.0360218606,0.0223030282,0.022973084,0.0135620709,0.046975341
ERCC1,DNA repair,ERCC1,up,1,0.7550841401,0.6760281983,0.9015008771,1.0840263791,0.976171139,1.1628224287,1.0852446235,0.6011955039,0.5253882139,0.4903515041,0.4802644403,0.6178123579,0.5190533429,,0.0016080006,0.0586920222,0.007304917,0.0308046973,0.0014472005,0.0035835442,0.0069833169,0.0249469808,0.016654292,0.0241200091,0.0085683461,0.023591666,0.030942526,,0.3075956323,0.0170252588,0.0415623616,5.30372525010957E+AC0-05,0.0007056488,0.0064006197,0.0716330017,0.0310863553,0.0401099731,0.0110892878,0.0758129295,0.058240265
ERCC6,DNA repair,ERCC6,up,1,1.2544347867,1.3239703479,1.3067048765,1.2653293229,1.4291499893,0.8657366838,1.4676361225,0.8655708974,1.3441962911,1.2546242569,1.1125216114,0.2526111361,0.9979631954,,0.0218380324,0.0006028905,0.0150387677,0.0635044624,0.0203977941,0.0176177992,0.0543941175,0.0508772565,0.0109190162,0.0354365618,0.0257233265,0.0206322515,0.0072011917,,0.1389325788,0.123336861,0.8506615756,0.0145151537,0.0031753046,0.0792379602,0.0312798384,0.0641503676,0.9955510252,0.0288052368,0.0004589766,0.0235436927
XPA,DNA repair,XPA,up,1,1.5552254456,1.2669229873,1.5708377024,1.2315623908,1.2438541303,0.4475125248,1.1239659793,1.4944075498,1.5573226145,1.2730397297,1.0111849004,0,1.4408714902,,0.0490188203,0.0158178378,0.1693002954,0.0162297607,0.0551976632,0.0438285923,0.0136758389,0.0460529757,0.0617060444,0.0109571481,0.0553624324,0,0.059481661,,0.0549784927,0.9183603153,0.0470677203,0.0278711148,0.0018701863,0.0374595978,0.3297775467,0.9735509919,0.0662271833,0.0095697595,0.0141881345,0.1753935257
XRCC1,DNA repair,XRCC1,up,1,0.8993722902,0.9547013525,0.8705105805,1.1527211545,0.8634569339,0.8877887789,0.8715459781,1.0287969973,0.9016372225,1.0745486313,0.9244806834,1.225846114,1.0375331651,,0.0503343985,0.062323137,0.0640619617,0.1448715505,0.0055825424,0.0443857877,0.0179373493,0.0179373493,0.0313903612,0.0511580522,0.0281872631,0.0015557905,0.0916086052,,0.4355713587,0.6685407654,0.2172142606,0.4958984526,0.8302260856,0.5748130915,0.1399544135,0.9626690712,0.0746748726,0.6153751374,0.0689030202,0.2374982992
XRCC5,DNA repair,XRCC5,up,1,1.0828293712,0.9681175687,1.0608600654,0.8511190428,0.8404651267,0.6904827111,0.8003950883,0.6068062945,0.8543725354,0.8710365831,0.8042516892,0.4784564617,1.0869433782,,0.0051344754,0.0253824249,0.0249527883,0.0354799443,0.0068551384,0.008855171,0.0030772989,0.0416493571,0.0045884347,0.0114520388,0.0023809912,0.029221641,0.0071472066,,0.088240101,0.4248619842,0.0637885354,0.0009759545,0.0013216166,0.000835264,0.0366648034,0.0004900746,0.0088169288,0.0018240366,0.0182061192,0.5826039106
MSH2,DNA repair,MSH2,up,1,0.9815003867,0.9876566125,0.8333178654,0.797092034,0.790812065,0.7556071152,0.8164269142,0.7135962877,1.0804331013,1.1586388244,0.9899767981,0.3618252127,1.228058778,,0.0816809504,0.0740247285,0.0061687274,0.0380623604,0.0129937023,0.0689059972,0.0187686812,0.0064312264,0.0209561731,0.0059062283,0.0111562091,0.0049874817,0.0181561834,,0.9443005275,0.2349228113,0.1491995013,0.1797385245,0.0993033774,0.1998125749,0.1332907717,0.3234363783,0.1990513953,0.9074096935,0.0583157811,0.1326247171
MLH1,DNA repair,MLH1,up,1,0.818064885,0.9151302939,0.8362155209,0.9574817779,0.8736839598,0.9193463865,0.8759468344,0.8700395408,0.92615883,0.9100328712,0.721976085,0.7101138583,1.0244152256,,0.0320692514,0.0593887502,0.032001879,0.0017179956,0.0232771562,0.0475648981,0.0013474475,0.0258709927,0.0004042343,0.0178873661,0.0551106043,0.0111164422,0.0224013153,,0.2159395892,0.6280341502,0.1018015239,0.197602294,0.1471557331,0.2371491133,0.2219317668,0.131568731,0.1003222168,0.1969414825,0.1028886763,0.0236231811
MSH6,DNA repair,MSH6,up,1,1.0862173513,0.9078312035,1.0809845712,0.9076964538,0.8199519393,0.8407033934,0.8613425562,0.638197049,0.9749365553,0.8908302827,0.8641723,1.1110337548,1.3982752038,,0.0370966254,0.0262026678,0.0004128905,0.0075273118,0.0400821415,0.0006987378,3.17608094498752E+AC0-05,0.0494515803,0.0053040552,0.0351274553,0.01216439,0.0234077166,0.0296963568,,0.0388763316,0.8746266069,0.0823880964,0.0207176935,0.067663131,0.073912313,0.012042347,0.1412556564,0.0327332467,0.0532868769,0.5206341941,0.0131942636
IL+AC0-1B,Immunity,IL+AC0-1B,up,1,0,0,0,0,0,0,2.232,0,0,0,0,0,0,,0,0,0,0,0,0,0.0190918831,0,0,0,0,0,0,,1,1,1,1,1,0.003851897,1,1,1,1,1,1
IL+AC0-8,Immunity,IL+AC0-8,up,1,0,2.969,2.21475,2.851,6.79625,3.69925,83.60225,0,0,1.667,2.34425,0,3.66925,,0,0.1315218613,0.1368251622,0.1187939392,0.0611647366,0.3079450032,0.8304969145,0,0,0.0537401154,0.0456083874,0,0.1644023266,,0.0199358254,0.0277912406,0.0187526391,0.0040517363,0.0374294815,0.0044717935,1,1,0.0145076054,0.0087561081,1,0.0201636522
IL+AC0-6,Immunity,IL+AC0-6,up,1,2.1846867327,3.6497226516,3.9011548604,1.9087933073,1.8234973175,2.2319723561,10.3356369919,0.9454396654,1.5766118032,1.2217877603,0.5614258434,1.1238519596,1.2199690825,,0.0762597656,0.0339503847,0.0888625599,0.1163829475,0.0225049899,0.0057869974,0.1310433409,0.0227621897,0.0334359849,0.0069443969,0.0038579983,0.0096449957,0.0748451663,,0.008470471,0.0025827088,0.1259691475,0.0741609336,0.541285007,0.0007517599,0.0174725258,0.0288652765,0.0342065773,0.0208233453,0.0298269202,0.0060872488
IL+AC0-10,Immunity,IL+AC0-10,up,1,0,0,0,0,0,0,0,0,0,0,0,0,0,,0,0,0,0,0,0,0,0,0,0,0,0,0,,1,1,1,1,1,1,1,1,1,1,1,1
IL+AC0-18,Immunity,IL+AC0-18,up,1,1.111436486,1.1074000791,1.0701226751,0.6573802928,0.8794618124,0.5103284527,0.5695290859,0,0.7501385042,0.8390185991,0.5578947368,0,1.0033240997,,0.0218260107,0.0089542608,0.0072753369,0.0810360601,0.0029101348,0.0114166825,0.0434281648,0,0.1690116723,0.0204828715,0.0265269976,0,0.0439878061,,0.840773786,0.2010272199,0.0637295544,0.0390381654,0.0036153065,0.0127351021,0.0088366138,0.1984302872,0.0060724989,0.002296611,0.0088366138,0.1306858513
TNF+AC0-a,Immunity,TNF+AC0-a,up,1,0,0,0,0,0,0,0,0,0,0,0,0,0,,0,0,0,0,0,0,0,0,0,0,0,0,0,,1,1,1,1,1,1,1,1,1,1,1,1
TYR,Whitening,TYR,down,1,0,0,0,0,0,0,0,0,0,0,0,0,0,,0,0,0,0,0,0,0,0,0,0,0,0,0,,1,1,1,1,1,1,1,1,1,1,1,1
TYRP1,Whitening,TYRP1,down,1,0,0,0,0,0,0,0,0,0,0,0,0,0,,0,0,0,0,0,0,0,0,0,0,0,0,0,,1,1,1,1,1,1,1,1,1,1,1,1
MC1R,Whitening,MC1R,down,1,0,0,0,0,0,0,0,0,0,0,0,0,0,,0,0,0,0,0,0,0,0,0,0,0,0,0,,1,1,1,1,1,1,1,1,1,1,1,1
MITF,Whitening,MITF,down,1,0,0,0,0,0,0,0,0,0,0,0,0,0,,0,0,0,0,0,0,0,0,0,0,0,0,0,,1,1,1,1,1,1,1,1,1,1,1,1
COL1A1,Collagen,COL1A1,up,1,0.7011752391,0.739495752,0.7561541199,1.5123131773,1.218930112,1.80828957,1.6583906558,1.5881558473,0.7661309099,0.8840771678,0.7868055548,1.0672423033,0.6175751858,,0.009211767,0.0352241318,0.0147294274,0.2563841544,0.0042897829,0.0075668086,0.1068253434,0.1226523945,0.0019559562,0.0158676043,0.0437336023,0.1082439018,0.0068110677,,0.3551469571,0.0635699034,0.1395861525,0.0017145116,7.87845277740827E+AC0-05,0.0486024267,0.0607513987,0.0540210018,0.0113294705,0.2084540798,0.1290413243,0.0121200177
COL1A2,Collagen,COL1A2,up,1,1.0965169148,1.1377961467,0.9295957847,0.6393615648,0.5575355333,0.6931540618,0.5428499296,0.7743129367,0.6752987445,0.625782769,0.4274928017,1.9639461878,2.5043957937,,0.0121114413,0.011947177,0.0398972314,0.029684333,0.0186121012,0.0030361754,0.0031583555,0.0372520323,0.0188537463,0.0130142165,0.0146317452,0.0907302601,0.0002613296,,0.0755395366,0.0844637296,0.013075102,0.0019309546,0.0089175475,0.0059965158,0.0344595276,0.0031112348,0.0007337078,0.0005008253,0.0435379866,0.003858893
COL4A1,Collagen,COL4A1,up,1,1.2716573323,1.4037132584,1.2907115074,3.2161255397,3.0947629423,4.5236656731,3.0284643043,1.4686551802,1.4749375109,1.4494472886,1.1507157847,0.5324809859,0.541643832,,0.0406137682,0.0244986938,0.0863503342,0.0008506491,0.0008222941,0.0066539662,0.0529576316,0.0194987675,0.0549613828,0.0338841887,0.0555095789,0.0278729352,0.0101888858,,0.0802571351,0.8132266084,0.009371756,0.0099992936,0.0044769852,0.001049177,0.0524509823,0.060065199,0.0441460579,0.1420025323,0.003873592,0.0177913611
COL4A4,Collagen,COL4A4,up,1,0,0,0,0,0,0,0,0,0,0,0,0,0,,0,0,0,0,0,0,0,0,0,0,0,0,0,,1,1,1,1,1,1,1,1,1,1,1,1
COL4A5,Collagen,COL4A5,up,1,0,0,0,0,0,0,0,0,0,0,0,0,0,,0,0,0,0,0,0,0,0,0,0,0,0,0,,1,1,1,1,1,1,1,1,1,1,1,1
MMP1,Collagen,MMP1,down,1,0.7748841951,0.7199960105,0.8585629114,0.5594095614,0.527460715,0.5767415058,0.924012057,0.612469248,1.4927303353,2.6808550721,5.7907865866,1.2351226756,2.2721359073,,0.0290873066,0.0160638412,0.0016455642,0.0069897299,0.0028366393,0.0097793531,0.0009873385,0.0661360096,0.0553379739,0.1278681759,0.0439600727,0.0906627525,0.0133682503,,0.1791975559,0.152404231,0.0488951814,0.0507665004,0.0448115502,0.0869153098,0.1370345318,0.0111475454,0.023189653,0.000172745,0.065670688,0.002001104
MMP9,Collagen,MMP9,down,1,0,0,0,0,0,0,0,0,0,0,0,0,0,,0,0,0,0,0,0,0,0,0,0,0,0,0,,1,1,1,1,1,1,1,1,1,1,1,1
MMP2,Collagen,MMP2,down,1,1.0199692081,1.0328302294,0.9816720387,1.1294806036,1.1202758565,1.3305523907,1.2207847489,3.2001145696,2.4834276433,2.2532443742,2.4284003456,1.6019468363,1.3409314234,,0.0024243986,0.0033498331,0.0282886439,0.034962853,0.0208432393,0.0117925504,0.0070350987,0.0111456448,0.0381689293,0.0702326867,0.0979358211,0.0450902205,0.0103310229,,0.0564687077,0.3045503702,0.1398631606,0.0892849338,0.0131274165,0.0076138516,0.0014235461,0.0114124069,0.0254568528,0.0311811811,0.0343585037,0.0101100359
TIMP1,Collagen,TIMP1,up,1,1.1059945692,1.2074404885,1.1219194384,0.950037446,1.1319650627,0.8899153216,0.9432411198,0.7513478247,0.9075944075,0.899733054,0.7104798136,0.711873814,0.8403506596,,0.0222612564,0.0017193019,0.1044446687,0.026695314,0.0011617959,0.0249942057,0.0146718963,0.0211111564,0.008644593,0.0233281852,0.04711771,0.0517012156,0.0045055327,,0.0963824966,0.8654227529,0.0258969689,0.3463773406,0.0122911793,0.0200858585,0.003768365,0.0283700062,0.0120902504,0.024592719,0.0312867583,0.0311398647
ELN,Collagen,ELN,up,1,0.825348668,0.6318746807,0.7458167577,1.6277417457,1.5160131882,2.2534247636,1.8629939786,1.1104128291,0.7608779778,0.7190842531,0.657879665,0.6719037816,0.6128507964,,0.0145355139,0.0326392338,0.0440881401,0.2385444204,0.0396005191,0.0499986653,0.0165713615,0.1294186118,0.0409139691,0.0477876911,0.0473936561,0.1223478724,0.0019701751,,0.0425500015,0.2122732523,0.1307820677,0.0128642856,0.0092633787,0.0002543931,0.1939783385,0.2418368994,0.1722308518,0.1022503083,0.3235702186,0.0279624766
FBN1,Collagen,FBN1,up,1,1.3898563592,1.4237145399,1.3325248499,0.8733916864,1.0282546856,0.953268642,0.8939775289,0.7827907349,1.1203398679,0.9766705217,0.8141453479,0.756599492,1.1424623369,,0.0168527806,0.0111256105,0.1035579047,0.0419871217,0.0116523862,0.0199204743,0.0253660686,0.0384707929,0.0414805548,0.0243084755,0.0445617211,0.0800402664,0.0038491002,,0.160173292,0.5758017833,0.0180050996,0.0028514321,0.0020407591,0.0036406576,0.0114059673,0.0409533872,0.0042898831,0.0181502653,0.0478353039,0.0234913717
LOX,Collagen,LOX,up,1,1.2155700663,1.2317911463,1.2526380068,1.200276298,1.2015864279,1.1025770347,1.1775967424,1.0126244484,1.2705672732,1.0923643402,1.1936323601,1.1283198783,1.1399508581,,0.0106668914,0.0178699603,0.0539483789,0.0303591693,0.0315328742,0.015155669,0.0015484706,0.051409644,0.0057418509,0.0110285166,0.016592183,0.0336484866,0.0024225733,,0.4066468849,0.5057827108,0.6045400986,0.6431806943,0.0181347662,0.1188811389,0.1012419427,0.0434233077,0.007705474,0.2768728335,0.143734289,0.0524866058
HAS2,Collagen,HAS2,up,1,1.2649505616,1.2776056693,1.614741884,1.540292989,2.252698804,1.3010279824,1.6566650794,0.1947256379,1.0394470743,1.3341839164,1.6399904765,0.923881684,1.7365704042,,0.0172236088,0.0442632485,0.1270023277,0.0157262481,0.0292262616,0.0057200761,0.048311668,0.0090673506,0.0039890005,0.0502328847,0.0673535005,0.0915251796,0.0140506303,,0.758735414,0.1544617268,0.0036944067,0.0019419579,0.1799782062,0.0346257871,0.0010339991,0.0265125402,0.278699687,0.0655507926,0.1095634427,0.0013727695
HAS3,Collagen,HAS3,up,1,0,0,0,0,0,0,0,0,0,0,0,0,0,,0,0,0,0,0,0,0,0,0,0,0,0,0,,1,1,1,1,1,1,1,1,1,1,1,1
IL+AC0-1B,Anti+AC0-inflammatory,IL+AC0-1B,down,1,0,0,0,0,0,0,2.232,0,0,0,0,0,0,,0,0,0,0,0,0,0.0190918831,0,0,0,0,0,0,,1,1,1,1,1,0.003851897,1,1,1,1,1,1
IL+AC0-8,Anti+AC0-inflammatory,IL+AC0-8,down,1,0,2.969,2.21475,2.851,6.79625,3.69925,83.60225,0,0,1.667,2.34425,0,3.66925,,0,0.1315218613,0.1368251622,0.1187939392,0.0611647366,0.3079450032,0.8304969145,0,0,0.0537401154,0.0456083874,0,0.1644023266,,0.0199358254,0.0277912406,0.0187526391,0.0040517363,0.0374294815,0.0044717935,1,1,0.0145076054,0.0087561081,1,0.0201636522
IL+AC0-6,Anti+AC0-inflammatory,IL+AC0-6,down,1,2.1846867327,3.6497226516,3.9011548604,1.9087933073,1.8234973175,2.2319723561,10.3356369919,0.9454396654,1.5766118032,1.2217877603,0.5614258434,1.1238519596,1.2199690825,,0.0762597656,0.0339503847,0.0888625599,0.1163829475,0.0225049899,0.0057869974,0.1310433409,0.0227621897,0.0334359849,0.0069443969,0.0038579983,0.0096449957,0.0748451663,,0.008470471,0.0025827088,0.1259691475,0.0741609336,0.541285007,0.0007517599,0.0174725258,0.0288652765,0.0342065773,0.0208233453,0.0298269202,0.0060872488
IL+AC0-10,Anti+AC0-inflammatory,IL+AC0-10,up,1,0,0,0,0,0,0,0,0,0,0,0,0,0,,0,0,0,0,0,0,0,0,0,0,0,0,0,,1,1,1,1,1,1,1,1,1,1,1,1
IL+AC0-18,Anti+AC0-inflammatory,IL+AC0-18,down,1,1.111436486,1.1074000791,1.0701226751,0.6573802928,0.8794618124,0.5103284527,0.5695290859,0,0.7501385042,0.8390185991,0.5578947368,0,1.0033240997,,0.0218260107,0.0089542608,0.0072753369,0.0810360601,0.0029101348,0.0114166825,0.0434281648,0,0.1690116723,0.0204828715,0.0265269976,0,0.0439878061,,0.840773786,0.2010272199,0.0637295544,0.0390381654,0.0036153065,0.0127351021,0.0088366138,0.1984302872,0.0060724989,0.002296611,0.0088366138,0.1306858513
TNF+AC0-a,Anti+AC0-inflammatory,TNF+AC0-a,down,1,0,0,0,0,0,0,0,0,0,0,0,0,0,,0,0,0,0,0,0,0,0,0,0,0,0,0,,1,1,1,1,1,1,1,1,1,1,1,1
IL+AC0-16,Anti+AC0-inflammatory,IL+AC0-16,down,1,0,0,0,0,0,0,0,0,0,0,0,0,0,,0,0,0,0,0,0,0,0,0,0,0,0,0,,1,1,1,1,1,1,1,1,1,1,1,1
IL23,Anti+AC0-inflammatory,IL23,down,1,0,0,0,0,0,0,0,0,0,0,0,0,0,,0,0,0,0,0,0,0,0,0,0,0,0,0,,1,1,1,1,1,1,1,1,1,1,1,1
IL12A,Anti+AC0-inflammatory,IL12A,down,1,0,1.683,1.74825,2.37825,2.22975,2.358,2.23975,1.67125,2.0505,1.6545,1.703,0,0,,0,0.0155563492,0.0625789501,0.2372343251,0.2499622471,0.6003336572,0.1750089283,0.0258093975,0.1590990258,0.0183847763,0.028991378,0,0,,0.0041627377,0.0161118777,0.0448284329,0.0503574771,0.1133918687,0.0351371815,0.0069534927,0.0348944965,0.0050039643,0.0076611193,1,1
IFNG,Anti+AC0-inflammatory,IFNG,down,1,0,0,0,0,0,0,0,0,0,0,0,0,0,,0,0,0,0,0,0,0,0,0,0,0,0,0,,1,1,1,1,1,1,1,1,1,1,1,1
TGFB,Anti+AC0-inflammatory,TGFB,up,1,0.7593761563,0.7710842708,0.8610765943,1.4850528246,1.2406625026,1.5918341424,1.3664142795,1.0218036019,0.8308398363,0.9208211144,0.930187606,1.4330179874,0.7349050925,,0.0357476099,0.0310145857,0.0357241791,0.0776965749,0.0023743224,0.0258285659,0.0294447213,0.0752363396,0.0005389087,0.0425659764,0.0296321678,0.0389732518,0.0441748922,,0.7604288064,0.1044414393,0.0219107702,0.0326646784,0.0022559797,0.0034034388,0.0833071427,0.2163250567,0.0572310467,0.0375685512,0.0031695031,0.6068476408
IL3,Anti+AC0-inflammatory,IL3,down,1,0,0,0,0,0,0,0,0,0,0,0,0,0,,0,0,0,0,0,0,0,0,0,0,0,0,0,,1,1,1,1,1,1,1,1,1,1,1,1
IL4,Anti+AC0-inflammatory,IL4,up,1,0,0,0,0,0,0,0,0,0,0,0,0,0,,0,0,0,0,0,0,0,0,0,0,0,0,0,,1,1,1,1,1,1,1,1,1,1,1,1
PTGIS,Cardiovascular care,PTGIS,up,1,1.0002142169,0.97738227,0.8747545432,0.6475597129,0.5891499161,0.6713556357,0.6269413403,1.4049769717,0.7926202292,0.7146988468,0.6055375058,0.3650612303,0.3609732586,,0.029184028,0.0520313855,0.0127238323,0.0042160317,0.0129005522,0.0032314495,0.0109566333,0.0361013495,0.0179496919,0.0082300978,0.0306230328,0.0087350118,0.024816522,,0.6550804858,0.0666093555,0.0337190624,0.0131238788,0.0377135186,0.0185368184,0.0076331545,0.0227215107,0.0329484817,0.0057487504,0.0123591303,0.0020339675
NOS3,Cardiovascular care,NOS3,up,1,0,0,0,0,0,0,0,0,0,0,0,0,0,,0,0,0,0,0,0,0,0,0,0,0,0,0,,1,1,1,1,1,1,1,1,1,1,1,1
EDN1,Cardiovascular care,EDN1,down,1,2.3080354032,2.5383650429,2.2844100634,1.1982019653,1.2568123214,0.8438218691,1.1160359607,1.2091434943,1.6567008154,1.7891839153,1.332984877,1.2659418775,3.3773782145,,0.2237274226,0.0034495418,0.1061473278,0.0617960766,0.0053221501,0.0197116672,0.037255051,0.0565724848,0.0823947688,0.0276948924,0.0702720935,0.0353824426,0.1831213882,,0.3831049074,0.9091784869,0.0723700875,0.0949361858,0.0666486448,0.0770276712,0.0756788276,0.1193653384,0.1838060104,0.0793913736,0.0892698283,0.0375626732
PLAT,Cardiovascular care,PLAT,up,1,1.0938817726,1.3797438141,0.9702442517,0.9697668868,0.9014241388,0.6834274803,0.9691304002,0.8168509826,1.0875964675,1.1159996818,0.8184421991,0.6185854085,1.2920677858,,0.0786486817,0.0848370615,0.0131643716,0.0097888917,0.0571581263,0.0357800869,0.0280164832,0.0579457383,0.0238533913,0.0068634758,0.0318420271,0.0991265931,0.0564830303,,0.0736396013,0.2618130853,0.2640359909,0.118746168,0.0496267793,0.2400255645,0.0653153512,0.9292688561,0.7590889426,0.0909816109,0.0374467662,0.1134502732
PROC,Cardiovascular care,PROC,up,1,0,0,0,0,0,0,0,0,0,0,0,0,0,,0,0,0,0,0,0,0,0,0,0,0,0,0,,1,1,1,1,1,1,1,1,1,1,1,1
VWF,Cardiovascular care,VWF,down,1,0,0,0,0,0,0,0,0,0,0,0,0,0,,0,0,0,0,0,0,0,0,0,0,0,0,0,,1,1,1,1,1,1,1,1,1,1,1,1
F3,Cardiovascular care,F3,down,1,0.9476586584,1.4856673905,1.645434721,1.6398923136,2.3491623618,1.7507218614,2.1146701756,0.5139838842,0.9426323645,0.9310035384,1.1715867931,0.420762639,0.7809819174,,0.0131118006,0.0250202614,0.0698726144,0.081379962,0.0328386821,0.0006575627,0.0150844888,0.0239615855,0.0222716493,0.0097582307,0.0341538076,0.0390526498,0.0004537183,,0.0052272563,0.0386123614,0.0475373874,0.0035506046,0.0072034594,0.0001693524,0.0062090848,0.8142768749,0.2958672367,0.0424794633,0.0195559909,0.0351945289
SERPINE1,Cardiovascular care,SERPINE1,down,1,1.0585915862,1.1006776164,1.132287345,1.3742658256,1.8129203897,1.4163565788,1.3811020392,0.4561283362,0.8644450097,0.8965088216,0.8117470601,0.8511322057,1.3474398272,,0.0239273003,0.0005477058,0.0551035917,0.0526761291,0.0109903751,0.0339214997,0.0352144289,0.0262144968,0.0104216771,0.0138720327,0.0338623398,0.0677180003,0.0072117776,,0.2432512171,0.2792255411,0.0411041433,0.0039956645,0.0097738443,0.0131186538,0.001805305,0.0283991618,0.0263392663,0.0187726151,0.1142200074,0.0245796833
PDGFC,Cardiovascular care,PDGFC,down,1,0.9225569042,0.8571973521,0.8824027121,0.736829425,0.6509367399,0.5939034464,0.71724852,0.8690772567,0.9655563076,0.9500768666,1.0378711395,0.6404909137,0.6784653068,,0.0173564196,0.0044090741,0.0148010225,0.0055975366,0.0108340726,0.0248076332,0.0059342,0.0087654178,0.0097145653,0.0112680845,0.0112275227,0.0400142742,0.0110044324,,0.1013215962,0.1336305773,0.0268525617,0.0060205384,0.006573566,0.0225620597,0.0953925705,0.1235124865,0.2213925253,0.024064728,0.0344994483,0.0070134618
FGF2,Cardiovascular care,FGF2,down,1,1.0395919634,1.0783403396,1.0433745374,1.1752242585,1.1435171803,0.8518059254,1.2089488668,0.4453314236,0.6714115986,0.5994671833,0.5303626481,0.3607355608,0.9131423798,,0.0141092485,0.0142894518,0.0728254803,0.0306545783,0.0120235625,0.0043015188,0.0019855731,0.0180670462,0.0124757393,0.0110274389,0.0217144939,0.0200008943,0.0214825656,,0.1121709293,0.9535340998,0.0616253738,0.0166678357,0.0216582093,0.0341046922,0.001035316,0.0014110906,0.0011368231,0.0027904766,0.0012068581,0.0290432209
IGF2BP3,Cardiovascular care,IGF2BP3,down,1,0,0,0,0,0,0,0,0,0,0,0,0,0,,0,0,0,0,0,0,0,0,0,0,0,0,0,,1,1,1,1,1,1,1,1,1,1,1,1
IGF1R,Cardiovascular care,IGF1R,down,1,0.6968916251,0.7271054305,0.71924248,1.1366145816,0.9656372336,1.475658313,1.1179107973,0.9313079265,0.7157961656,0.7017097735,0.8414695352,1.384648844,0.6148158062,,0.0171293643,0.0294795413,0.0439117404,0.0014195606,0.0295268599,0.0002365934,0.0185962435,0.0002839121,0.0074290337,0.0349211901,0.0237066616,0.035536333,0.0460410813,,0.3620391335,0.6016996095,0.0168056852,0.016481011,0.0098898552,0.0018609818,0.0328352144,0.3390645029,0.8821440358,0.0253178469,0.0072295564,0.2098062815
IL+AC0-8,Cardiovascular care,IL+AC0-8,down,1,0,2.969,2.21475,2.851,6.79625,3.69925,83.60225,0,0,1.667,2.34425,0,3.66925,,0,0.1315218613,0.1368251622,0.1187939392,0.0611647366,0.3079450032,0.8304969145,0,0,0.0537401154,0.0456083874,0,0.1644023266,,0.0199358254,0.0277912406,0.0187526391,0.0040517363,0.0374294815,0.0044717935,1,1,0.0145076054,0.0087561081,1,0.0201636522
IL+AC0-6,Cardiovascular care,IL+AC0-6,down,1,2.1846867327,3.6497226516,3.9011548604,1.9087933073,1.8234973175,2.2319723561,10.3356369919,0.9454396654,1.5766118032,1.2217877603,0.5614258434,1.1238519596,1.2199690825,,0.0762597656,0.0339503847,0.0888625599,0.1163829475,0.0225049899,0.0057869974,0.1310433409,0.0227621897,0.0334359849,0.0069443969,0.0038579983,0.0096449957,0.0748451663,,0.008470471,0.0025827088,0.1259691475,0.0741609336,0.541285007,0.0007517599,0.0174725258,0.0288652765,0.0342065773,0.0208233453,0.0298269202,0.0060872488
ICAM1,Cardiovascular care,ICAM1,down,1,0,0,0,0,0,0,3.4004580691,0,0,0,0,2.0200845666,0,,0,0,0,0,0,0,0.0112120526,0,0,0,0,0.1484974072,0,,1,1,1,1,1,0.0014851965,1,1,1,1,0.0330600202,1
VCAM1,Cardiovascular care,VCAM1,down,1,0,0,0,0,0,1.675,4.94775,0,0,0,0,0,0,,0,0,0,0,0,0.0770746391,0.3482500897,0,0,0,0,0,0,,1,1,1,1,0.0207046925,0.0316591471,1,1,1,1,1,1
CASP8,Cardiovascular care,CASP8,down,1,0.9069065999,0.9480599151,0.9194315219,0.9624252339,0.7418332396,0.966770615,0.9287868718,1.0431470784,0.8726547723,1.1315372425,0.9047594704,0.5470579214,0.9704514084,,0.0523434701,0.0132304628,0.0031087973,0.0148933078,0.0304372941,0.0655739329,0.0080973324,0.0279791753,0.0208217119,0.0059284041,0.0128689747,0.0795996694,0.0619590523,,0.4596530091,0.792278235,0.3611706324,0.0855640406,0.4235707178,0.6597329812,0.1172546369,0.5185229129,0.1003467082,0.9634029853,0.0451297989,0.3860243662
Tgm1,Skin moisturizing,Tgm1,up,1,0,0,0,0,0,0,0,0,0,0,0,0,0,,0,0,0,0,0,0,0,0,0,0,0,0,0,,1,1,1,1,1,1,1,1,1,1,1,1
Krt1,Skin moisturizing,Krt1,up,1,0,0,0,0,0,0,0,0,0,0,0,0,0,,0,0,0,0,0,0,0,0,0,0,0,0,0,,1,1,1,1,1,1,1,1,1,1,1,1
Keratin 10,Skin moisturizing,Keratin 10,up,1,0,0,0,0,0,0,0,0,0,0,0,0,0,,0,0,0,0,0,0,0,0,0,0,0,0,0,,1,1,1,1,1,1,1,1,1,1,1,1
Keratin 14,Skin moisturizing,Keratin 14,up,1,0,0,0,4.08775,3.155,2.80225,2.3245,0,2.23,1.81475,1.67175,0,5.413,,0,0,0,0.3235013524,0.0791959595,0.008131728,0.0304055916,0,0.2729432175,0.2400627522,0.1919794911,0,0.1053589104,,1,1,0.0355888252,0.0112975531,0.0013074172,0.005886748,1,0.0549592161,0.0593777814,0.0515837269,1,0.008761936
AQP3,Skin moisturizing,AQP3,up,1,0,0,0,0,0,0,0,0,0,0,0,0,0,,0,0,0,0,0,0,0,0,0,0,0,0,0,,1,1,1,1,1,1,1,1,1,1,1,1
FLG+AC0-F,Skin moisturizing,FLG+AC0-F,up,1,1.4046852916,1.3735602803,1.4276005172,1.1964334045,1.1304243226,1.0491384236,1.0606561814,0.7813430367,1.0393347969,0.7586683908,0.6852614802,0.2727272727,0.4339458094,,0.0065494508,0.0081230202,0.0848026296,0.0047207081,0.0165862716,0.0326196675,0.0292598842,0.0835267626,0.0773600719,0.004337948,0.014672471,0.0025092052,0.0415082079,,0.0560398647,0.7676471183,0.0012877598,0.0124958656,0.0344215155,0.0303299153,0.058749513,0.0926395753,0.0002185967,0.0023175796,0.0006372756,0.016558091
SMPD1,Skin moisturizing,SMPD1,up,1,0.7495090162,0.6158084016,0.6699058842,0.7265794373,0.6536077741,0.8185017981,0.6530721555,1.0899584258,0.9988777514,0.9404698141,0.6328716811,0.9340934017,0.5199326651,,0.0054827062,0.0505707505,0.0592637254,0.0456291008,0.0890218347,0.0238425578,0.0280267283,0.1874941234,0.0169891751,0.0772989432,0.0123721594,0.0098472289,0.0001803522,,0.1628084133,0.3064077599,0.6060636003,0.3690329119,0.1377975188,0.1182888488,0.2361513543,0.0183175263,0.175935548,0.022681075,0.0056710922,0.0106857451
GBA,Skin moisturizing,GBA,up,1,1.2851398529,1.358411953,1.0334878018,0.8461722289,0.8967416151,0.8708490919,0.8703919205,1.1372968705,0.9365674743,0.9346556668,0.8285087902,0.9694630315,0.9780453846,,0.013063005,0.0050694452,0.0579680032,0.0028653386,0.0013812401,0.0122254445,0.0180148978,0.012049116,0.0405408672,0.0251415091,0.0008669486,0.0532365211,0.0324885311,,0.0513769724,0.0896757872,0.0096867973,0.0140639171,0.0009555647,0.0022916671,0.0073256078,0.0349178788,0.0101996372,0.0124913115,0.0620965324,0.0253353899
HAS2,Skin moisturizing,HAS2,up,1,1.2649505616,1.2776056693,1.614741884,1.540292989,2.252698804,1.3010279824,1.6566650794,0.1947256379,1.0394470743,1.3341839164,1.6399904765,0.923881684,1.7365704042,,0.0172236088,0.0442632485,0.1270023277,0.0157262481,0.0292262616,0.0057200761,0.048311668,0.0090673506,0.0039890005,0.0502328847,0.0673535005,0.0915251796,0.0140506303,,0.758735414,0.1544617268,0.0036944067,0.0019419579,0.1799782062,0.0346257871,0.0010339991,0.0265125402,0.278699687,0.0655507926,0.1095634427,0.0013727695
HAS3,Skin moisturizing,HAS3,up,1,0,0,0,0,0,0,0,0,0,0,0,0,0,,0,0,0,0,0,0,0,0,0,0,0,0,0,,1,1,1,1,1,1,1,1,1,1,1,1
SREBP+AC0-1c (SREBF1),Fatty liver,SREBP+AC0-1c (SREBF1),down,1,0.9107914557,0.9076840762,0.8763839157,1.0066880685,1.2043050582,1.3329011812,0.8777421081,1.0335020784,0.8850886941,0.6729637404,0.6259208956,1.9576285138,0.780672511,,0.0105060521,0.0322457223,0.0237186495,0.0568374509,0.016937735,0.0307614877,0.0018916714,0.0134454185,0.0471462726,0.0218851833,0.01589004,0.0064316829,0.0100695125,,0.9150300377,0.2553417556,0.2434921295,0.0051268672,0.0188273113,0.1315749341,0.0115080023,0.5799235593,0.0166548523,0.0042589453,0.0002914071,0.0062412074
PPAR+AC0-g,Fatty liver,PPAR+AC0-g,down,1,0,0,0,0,0,0,0,0,0,0,0,4.21925,1.795,,0,0,0,0,0,0,0,0,0,0,0,1.0249512793,1.1242997821,,1,1,1,1,1,1,1,1,1,1,0.1082974634,0.2654282162
PPAR+AC0-a,Fatty liver,PPAR+AC0-a,up,1,0.7933164841,0.7654685014,0.9604043808,1.0421698025,0.9936347468,0.9668164373,1.1394271272,1.3299634934,0.9246466348,1.0258354395,1.0921089582,1.4502012543,1.1616119068,,0.0168122365,0.0731398477,0.0387872858,0.0354116005,0.0624832726,0.0082737384,0.0305135473,0.0054275724,0.0091342072,0.0626156524,0.0205188713,0.0001985697,0.0348820812,,0.6855180668,0.0666905827,0.0314832157,0.1189419594,0.0173363988,0.0126315526,0.0072009118,0.0228222519,0.1011768415,0.0045894559,0.011502894,0.0172895748
SCD1 (SCD),Fatty liver,SCD1 (SCD),down,1,1.1321026073,0.9806588393,1.0281686648,0.8665087965,0.906641705,0.8896561985,0.8721623666,0.8290043022,0.5201036488,0.4863805993,0.4440656112,0.8114484794,0.5208723359,,0.035628426,0.0251958899,0.0081531585,0.0152893639,0.0055932421,0.0138691363,0.0102396658,0.0110637484,0.0159556435,0.0097487229,0.0091701116,0.0198305856,0.0103098004,,0.0480716104,0.1367486124,0.0323863504,0.0650434166,0.0400670715,0.0456917205,0.036342205,0.0097785847,0.0165595134,0.0161246514,0.0178193932,0.0168405964
ACC (ACACA),Fatty liver,ACC (ACACA),down,1,0.83876532,0.6662732637,0.8807989106,0.6503858375,0.5688606446,0.5839310032,0.6789832047,1.082796187,0.7070358602,0.8357694054,0.6961416251,0,0,,0.0319690583,0.0196436382,0.0341516848,0.0315838889,0.0112983017,0.0351788031,0.0288877033,0.0686885389,0.072925402,0.0205423668,0.0410847335,0,0,,0.0356317839,0.3321159783,0.027293173,0.0331448911,0.0173834686,0.035222647,0.0823330131,0.1994066546,0.9229069767,0.0665029789,0.0171495697,0.0171495697
CETP,Increase HDL,CETP,up,1,0,0,0,0,0,0,0,0,0,0,0,0,0,,0,0,0,0,0,0,0,0,0,0,0,0,0,,1,1,1,1,1,1,1,1,1,1,1,1
SCARB1,Increase HDL,SCARB1,up,1,1.1808555107,0.9354883656,1.1648321025,0,0,0,0,1.0401281873,0.830430542,0,0,0,0,,0.0250250972,0.0122169766,0.085518836,0,0,0,0,0.0652228911,0.021281185,0,0,0,0,,0.0188520084,0.8365837415,0.0095364922,0.0095364922,0.0095364922,0.0095364922,0.1677615061,0.0048432525,0.0095364922,0.0095364922,0.0095364922,0.0095364922
apoA+AC0-I (APA1),Increase HDL,apoA+AC0-I (APA1),up,1,0,0,0,0,0,0,0,0,0,0,0,0,0,,0,0,0,0,0,0,0,0,0,0,0,0,0,,1,1,1,1,1,1,1,1,1,1,1,1
LDLR,Increase HDL,LDLR,up,1,0.8468576239,0.9723311402,1.1573957156,1.0250991338,1.0531002858,1.4138366452,1.3026295386,0.8934671363,0.5599787333,0.7213841076,0.5100241466,0.5747768104,0.678296892,,0.0568304513,0.0171681848,0.0182333642,0.0079575163,0.026754799,0.0202384077,0.0149751685,0.0207396686,0.0101505326,0.0132834131,0.0219614919,0.0265041686,0.0029135788,,0.1737421241,0.0601433354,0.135355208,0.0793611978,0.026787824,0.042906917,0.4413365249,0.0804599549,0.1821460305,0.0480493183,0.0546829946,0.1481585238
ABCA1,Increase HDL,ABCA1,up,1,1.1659509202,1.2309815951,1.0960122699,1.651993865,1.5855828221,1.6075153374,1.3478527607,4.3518404908,3.0420245399,1.2688650307,1.3987730061,3.8996932515,1.1331288344,,0.2980259869,0.1245028504,0.0715782938,0.0379581861,0.0724459095,0.0379581861,0.0134480431,0.4403149588,0.0186537372,0.0002169039,0.071144486,0.5422598015,0.09847438,,0.8135855176,0.7968908931,0.2560352777,0.2828332362,0.2792838672,0.546523729,0.0198495664,0.070244459,0.7107969628,0.4623621418,0.0439354754,0.9031123229
SRD5A1,Hair,SRD5A1,down,1,1.0164197293,1.0497241999,0.9004072863,0.8657558848,1.0245814893,0.6452280162,0.8000930024,0.6561157078,1.0288467706,1.0027900712,0.8561509845,0.6746841126,1.1167500481,,0.0114744414,0.0602975092,0.1130890103,0.0782348276,0.0134473196,0.0110435829,0.051272158,0.009705654,0.0035148981,0.0021769691,0.0424735745,0.0373259496,0.0222912567,,0.5761393153,0.3822426749,0.2178605773,0.58222613,0.0009273087,0.0926355103,0.0010147709,0.3532928501,0.3345072057,0.0992043938,0.0335333584,0.0549338038
SRD5A2,Hair,SRD5A2,down,1,0,0,0,0,0,0,0,0,0,0,0,0,0,,0,0,0,0,0,0,0,0,0,0,0,0,0,,1,1,1,1,1,1,1,1,1,1,1,1
AR,Hair,AR,down,1,0,0,0,0,0,0,0,0,0,0,0,0,0,,0,0,0,0,0,0,0,0,0,0,0,0,0,,1,1,1,1,1,1,1,1,1,1,1,1
KROX20,Hair,KROX20,up,1,0,0,0,0,0,0,0,0,0,0,0,0,0,,0,0,0,0,0,0,0,0,0,0,0,0,0,,1,1,1,1,1,1,1,1,1,1,1,1
SCF,Hair,SCF,up,1,0.9476173061,0.769266098,0.902030159,1.1648621754,1.4335031511,0.7613053573,1.3972290499,0.8862872841,1.0967706269,1.3463177322,1.739073118,0.8251358684,1.5423594751,,0.007649794,0.0060380449,0.0407989012,0.0582996091,0.0143493777,0.0046187435,0.0058696532,0.0174766519,0.0219510597,0.0109695159,0.0103079771,0.0127376286,0.0298293853,,0.0019505013,0.3522719078,0.1144294437,0.0025200144,0.0031311051,0.0003597153,0.0867004333,0.0438424409,0.0010954393,0.0002369648,0.0143480765,0.0155619516
VEGFA,Hair,VEGFA,up,1,1.2433645773,1.8571294401,1.7739166369,1.4525424047,2.6722016643,2.6817814678,1.6518962376,1.3805436069,1.5094389241,1.1881210436,1.6066645378,4.058568289,1.1422319064,,0.0144776451,0.0250237462,0.1080112017,0.0184091891,0.0459565615,0.0753900124,0.0185420115,0.0457971746,0.0406967932,0.0163105946,0.0121665348,0.0687488908,0.0043300113,,0.0034095057,0.0862580459,0.007603396,0.0076642459,0.0191731218,0.0021986398,0.1221446982,0.045307952,0.0712542425,0.0015745006,0.0080174572,0.046850916
IGF1,Hair,IGF1,up,1,1.3277581216,1.1841428112,1.1888066903,0,0,0,0,0,0,0,0,0,0,,0.0113719328,0.2222075668,0.0186499698,0,0,0,0,0,0,0,0,0,0,,0.5283639536,0.0212749802,0.0038530393,0.0038530393,0.0038530393,0.0038530393,0.0038530393,0.0038530393,0.0038530393,0.0038530393,0.0038530393,0.0038530393
TGFB,Hair,TGFB,down,1,0.7593761563,0.7710842708,0.8610765943,1.4850528246,1.2406625026,1.5918341424,1.3664142795,1.0218036019,0.8308398363,0.9208211144,0.930187606,1.4330179874,0.7349050925,,0.0357476099,0.0310145857,0.0357241791,0.0776965749,0.0023743224,0.0258285659,0.0294447213,0.0752363396,0.0005389087,0.0425659764,0.0296321678,0.0389732518,0.0441748922,,0.7604288064,0.1044414393,0.0219107702,0.0326646784,0.0022559797,0.0034034388,0.0833071427,0.2163250567,0.0572310467,0.0375685512,0.0031695031,0.6068476408
BDNF,Hair,BDNF,down,1,1.1176904145,1.1022124534,1.0197949433,1.7006541281,1.4933468458,1.850300741,1.5595888338,0.7311888811,1.2169152003,1.264704721,0.9414443465,1.2096895195,1.4981244818,,0.0149091863,0.0114099016,0.0260026632,0.0179059141,0.0262260218,0.0228198032,0.0433315676,0.0316238545,0.075718564,0.0054908988,0.0257979178,0.0641225302,0.0220008217,,0.370587232,0.0660883938,0.0009600432,0.0083035346,0.001610094,0.0269355689,0.014522641,0.3063066852,0.0262483156,0.0260745678,0.2789404432,0.0043482773
TERT,Telomerase activity,TERT,up,1,0,0,0,0,0,0,0,0,0,0,0,0,0,,0,0,0,0,0,0,0,0,0,0,0,0,0,,1,1,1,1,1,1,1,1,1,1,1,1
TERC,Telomerase activity,TERC,up,1,1.0978089918,0.8597808992,0.8245566462,0.816801345,0.8890395358,1.0747329031,0.8356743858,0.6618580183,0.6340907858,0.6623189978,0.5722924237,0.7740116058,0.4985628288,,0.0626996902,0.0666112305,0.0279176602,0.0654991259,0.0618176762,0.0187907328,0.0032979654,0.0043717215,0.0229323637,0.0181388095,0.010239032,0.0231624544,0.0119647115,,0.0669173982,0.064389846,0.0484718898,0.078616635,0.695089484,0.1058506919,0.0633692756,0.0379789939,0.0481530561,0.0481430522,0.059056587,0.040273975
RTEL1,Telomerase activity,RTEL1,up,1,0,0,0,0,0,0,0,0,0,0,0,2.0445,0,,0,0,0,0,0,0,0,0,0,0,0,0.0155563492,0,,1,1,1,1,1,1,1,1,1,1,0.0034236014,1
CD40,Allergy,CD40,down,1,0,0,0,0,0,0,0,0,0,0,0,0,0,,0,0,0,0,0,0,0,0,0,0,0,0,0,,1,1,1,1,1,1,1,1,1,1,1,1
ERBB2,Allergy,ERBB2,down,1,0.9507185861,0.9003690037,0.9360555448,0.8172460672,0.8044765974,0.8827442222,0.7882598563,0.5593804622,0.46557584,0.5320936104,0.4920858419,0.9358127792,0.6316275005,,0.0003433224,0.0240325668,0.0348128897,0.04724116,0.0117416255,0.0194320469,0.0158614941,0.0159988231,0.0143508756,0.0269851393,0.0257491788,0.0248565406,0.0002059934,,0.2072158785,0.6579344407,0.1560821748,0.0359264113,0.1268337609,0.0438051121,0.0183519129,0.0132664172,0.0289794685,0.0252271474,0.5521168839,1.16235583447389E+AC0-05
LIF,Allergy,LIF,down,1,0,1.4775474957,1.6519861831,0,1.5222366149,3.2763385147,5.2761226252,0,0,0,0,0,0,,0,0.0586202513,0.1471612558,0,0.1016694983,0.1251786616,0.0888463184,0,0,0,0,0,0,,0.0178570525,0.0400458925,1,0.0300414503,0.0171959251,0.007580602,1,1,1,1,1,1
MALT1,Allergy,MALT1,down,1,0.99463004,0.8284865032,0.7917211856,0.9281938026,0.8414424771,0.7828645333,0.8410945642,0.9001868141,0.9205472821,0.8184575357,0.7394661806,0.4461907319,0.7000915162,,0.0020215733,0.0046421314,0.0570853807,0.0011658809,0.0012086655,0.0033372004,0.0078830664,0.0326232736,0.0104822322,0.0187182717,0.0053908623,0.0139905711,0.0073803471,,0.0038092171,0.1246235197,0.0021506071,0.0004997291,0.0006384276,0.0160633159,0.1513686737,0.0555162754,0.0454517904,0.0035115143,0.0099174687,0.0066865132
NCK1,Allergy,NCK1,down,1,1.2791643617,1.3400800495,1.2349419153,0.887930754,0.8899482607,0.6966906381,0.8599459829,0.9037779441,1.2125540985,1.2771143145,0.9277927825,0.5478181641,1.0548631675,,0.0064426767,0.0236538274,0.0164288257,0.0006902868,0.0391622707,0.035434722,0.0239759613,0.0182235713,0.001150478,0.0078692694,0.0154624242,0.0269211849,0.0466173681,,0.1506793563,0.1281028254,0.0067663508,0.0402159604,0.0229456484,0.0174817598,0.010957854,0.0376416801,0.8033569888,0.0075616771,0.011569707,0.0878043881
PAF1,Allergy,PAF1,down,1,1.2056071812,1.0606549087,1.0010588533,1.2259940578,1.2962418611,1.4111511474,1.0801251659,0.9437227385,1.1733200582,1.1812535559,0.8724160819,0.5211296542,0.9630981731,,0.0186398336,0.0487675263,0.0829405546,0.0351340748,0.0154884948,0.0316474873,0.0374584666,0.0132535028,0.0142368993,0.0027490402,0.0119125076,0.0706927982,0.0363633205,,0.114623787,0.1635070295,0.5634448539,0.0363725291,0.0276399228,0.0856286714,0.0057732612,0.1996079549,0.3105902692,0.0045818229,0.0346818963,0.0311340647
DYNLL2,Allergy,DYNLL2,down,1,0.8322642089,0.8190490433,0.8696271576,0.7188294464,0.6199006698,0.7289671077,0.7243941409,0.709242745,0.7189396384,0.7938937907,0.8204185721,0.5466230097,0.7241422736,,0.0095281958,0.0117210166,0.0157504639,0.0057436321,0.0034840249,0.0306327044,0.0034840249,0.0020481169,0.02070379,0.0104965989,0.0550654028,0.0220506495,0.0601634328,,0.3462034414,0.128008953,0.0101158036,0.0095321699,0.1072842514,0.0222642944,0.0279462155,0.0459267497,0.0629644251,0.812414974,0.0152109845,0.2316129651
GRK5,Allergy,GRK5,down,1,1.0494091734,0.8993064857,0.8404024169,0.8766258892,0.7461678126,0.5061166176,0.798642736,1.0337232491,1.2341875763,1.1695687115,1.15403161,0.4334910855,0.8347769146,,0.0160376036,0.0554791641,0.0347270944,0.0435246249,0.0162059774,0.0826715313,0.0063140172,0.0215518452,0.0007155886,0.008839624,0.0376315422,0.0030307282,0.0018521117,,0.1406304022,0.0401730303,0.0818540223,0.0028158186,0.0597773103,0.0134843326,0.5020067023,0.0386831791,0.0239416216,0.1187649108,0.0091378628,0.0314812536
PSMD4,Allergy,PSMD4,down,1,0.7368803538,0.6745601014,0.7252837307,0.9015137459,0.6777298451,0.7992701859,0.8016127037,0.8374849244,0.7348934657,0.6809073198,0.8379024028,0.7209852491,0.8302718248,,0.0215388001,0.0032472201,0.0126827452,0.0193193197,0.0071176441,0.0058384362,0.006570974,0.0012573411,0.0046466955,0.0574440893,0.0250484219,0.0154160955,0.0074784463,,0.1458690243,0.5925973646,0.0156217227,0.1329599449,0.1326954968,0.1232180166,0.0947226419,0.9179027233,0.3828657078,0.0515489679,0.4934620587,0.0760424371
RDH10,Allergy,RDH10,down,1,0.8024294288,0.8964764667,0.9878528559,0.906211412,0.7434741407,0.9286678345,0.7769003245,0.4659276915,0.4843924992,0.3028171036,0.2950636074,0.5083709043,0.2471929472,,0.0003655033,0.0290778196,0.0399616962,0.023107932,0.0781364872,0.0351289301,0.0131581195,0.0045890972,0.0361442171,0.0044266513,0.0058886646,0.0144170753,0.0069039516,,0.1370113699,0.0962697078,0.0993172094,0.4793262355,0.1236317725,0.222161633,0.0058228229,0.0510189413,0.0037606511,0.0050521308,0.0219711444,0.0054634492
RELB,Allergy,RELB,down,1,1.4465590953,1.1985932975,1.1410839884,1.4352503103,1.5607502413,2.5035167563,3.9973796718,0,1.6983864295,0.9583505723,1.045648876,1.5960557165,1.2224520756,,0.0208689631,0.0177483705,0.0585111114,0.0181384445,0.1425720748,0.1121462968,0.2112251121,0,0.1277492599,0.07703963,0.0635820744,0.1870405194,0.0300357038,,0.0066645154,0.0596035351,0.6225478155,0.4577476518,0.0411745856,0.0355356593,0.0064962309,0.2116110106,0.055298761,0.0500133357,0.459511793,0.018307544
SCARF1,Allergy,SCARF1,down,1,0,0,0,0,0,0,0,0,0,0,0,0,0,,0,0,0,0,0,0,0,0,0,0,0,0,0,,1,1,1,1,1,1,1,1,1,1,1,1
TNFSF14,Allergy,TNFSF14,down,1,0,0,0,0,0,0,0,0,0,0,0,0,0,,0,0,0,0,0,0,0,0,0,0,0,0,0,,1,1,1,1,1,1,1,1,1,1,1,1
ABR,Allergy,ABR,down,1,0.9258660389,0.9026207539,0.9740123664,1.3005588182,1.2575349908,1.5069981631,1.5411222932,0.9275864745,0.9333686907,0.9426693918,1.0400357023,0.938387706,0.9998318371,,0.0474355906,0.0058905747,0.0068601413,0.0497771855,0.0394961204,0.0563446275,0.0168302134,0.0352702733,0.0230317812,0.0143056814,0.0146166745,0.0041526722,0.0282637823,,0.6137070186,0.3836552749,0.0165307432,0.0184713643,0.0087726337,0.0193960953,0.9711835701,0.8651500529,0.7052122433,0.1573847868,0.7726366879,0.2265883846
IL13,Allergy,IL13,down,1,0,0,0,0,0,0,0,0,0,0,0,0,0,,0,0,0,0,0,0,0,0,0,0,0,0,0,,1,1,1,1,1,1,1,1,1,1,1,1
IL4R,Allergy,IL4R,down,1,0.965350635,1.0931805632,1.3956377692,1.4579652126,1.2893429045,1.807426836,1.4503036996,0.7533130867,0.5995996687,0.630935947,0.7971424627,1.1668967421,1.0119409166,,0.1116689892,0.0312360809,0.0208891291,0.1102047979,0.086094448,0.0042949611,0.0751618196,0.0142514619,0.0055639269,0.0116159176,0.0311384681,0.0464636703,0.0494896657,,0.3382017524,0.1058811854,0.0471680066,0.0901942799,0.0591783028,0.0475298848,0.2222222094,0.1346000417,0.1443321813,0.2615846559,0.2019548498,0.6637180705
IL5RA,Allergy,IL5RA,down,1,0,0,0,0,0,0,0,0,0,0,0,0,0,,0,0,0,0,0,0,0,0,0,0,0,0,0,,1,1,1,1,1,1,1,1,1,1,1,1
RELA,Allergy,RELA,down,1,1.0645757558,0.923021883,1.1055989506,1.2008824757,0.8938047821,1.3391568779,1.1742889512,0.9187883847,0.7460497287,0.6348458649,0.7617315604,1.4601991533,0.757975076,,0.0298510286,0.1160311169,0.0677972515,0.0630750548,0.0269839807,0.0085168189,0.0426684194,0.0317905022,0.0067459952,0.0441019434,0.0150941642,0.1540616647,0.0371029734,,0.3212847346,0.5457905863,0.1568853097,0.0273047445,0.0350821684,0.1101739287,0.0422828222,0.0336181078,0.0118484208,0.0170831698,0.1601735491,0.0136229609
